,building_id,height
0,1.0,24.979999542236328
1,2.0,17.450000762939453
2,3.0,10.920000076293945
3,4.0,18.3700008392334
4,5.0,18.700000762939453
5,6.0,20.200000762939453
6,7.0,27.049999237060547
7,8.0,11.140000343322754
8,9.0,20.309999465942383
9,10.0,26.8799991607666
10,11.0,27.15999984741211
11,12.0,16.450000762939453
12,13.0,20.200000762939453
13,14.0,24.540000915527344
14,15.0,22.5
15,16.0,21.489999771118164
16,17.0,21.170000076293945
17,18.0,21.760000228881836
18,19.0,25.739999771118164
19,20.0,15.729999542236328
20,21.0,17.6299991607666
21,22.0,16.280000686645508
22,23.0,21.670000076293945
23,24.0,12.199999809265137
24,25.0,12.470000267028809
25,26.0,8.59000015258789
26,27.0,13.010000228881836
27,28.0,13.609999656677246
28,29.0,11.210000038146973
29,30.0,16.420000076293945
30,31.0,31.709999084472656
31,32.0,28.75
32,33.0,30.8700008392334
33,34.0,14.949999809265137
34,35.0,19.260000228881836
35,36.0,34.65999984741211
36,37.0,33.029998779296875
37,38.0,35.15999984741211
38,39.0,20.780000686645508
39,40.0,18.309999465942383
40,41.0,20.739999771118164
41,42.0,21.979999542236328
42,43.0,17.489999771118164
43,44.0,19.100000381469727
44,45.0,21.079999923706055
45,46.0,18.610000610351562
46,47.0,22.270000457763672
47,48.0,19.639999389648438
48,49.0,32.540000915527344
49,50.0,20.709999084472656
50,51.0,21.3799991607666
51,52.0,21.440000534057617
52,53.0,19.31999969482422
53,54.0,18.959999084472656
54,55.0,18.020000457763672
55,56.0,19.329999923706055
56,57.0,18.420000076293945
57,58.0,25.68000030517578
58,59.0,20.770000457763672
59,60.0,19.950000762939453
60,61.0,18.6299991607666
61,62.0,15.899999618530273
62,63.0,25.860000610351562
63,64.0,25.290000915527344
64,65.0,25.239999771118164
65,66.0,25.59000015258789
66,67.0,36.2599983215332
67,68.0,11.449999809265137
68,69.0,17.610000610351562
69,70.0,32.41999816894531
70,71.0,34.63999938964844
71,72.0,35.220001220703125
72,73.0,29.760000228881836
73,74.0,18.079999923706055
74,75.0,32.9900016784668
75,76.0,25.510000228881836
76,77.0,22.850000381469727
77,78.0,21.15999984741211
78,79.0,19.010000228881836
79,80.0,25.110000610351562
80,81.0,21.920000076293945
81,82.0,26.020000457763672
82,83.0,21.030000686645508
83,84.0,22.15999984741211
84,85.0,19.950000762939453
85,86.0,16.3799991607666
86,87.0,22.059999465942383
87,88.0,29.700000762939453
88,89.0,29.670000076293945
89,90.0,32.97999954223633
90,91.0,16.43000030517578
91,92.0,19.979999542236328
92,93.0,19.829999923706055
93,94.0,10.489999771118164
94,95.0,12.5
95,96.0,18.3700008392334
96,97.0,28.309999465942383
97,98.0,18.889999389648438
98,99.0,25.469999313354492
99,100.0,16.1299991607666
100,101.0,17.790000915527344
101,102.0,17.889999389648438
102,103.0,28.8799991607666
103,104.0,36.040000915527344
104,105.0,32.66999816894531
105,106.0,26.950000762939453
106,107.0,25.93000030517578
107,108.0,21.110000610351562
108,109.0,26.829999923706055
109,110.0,21.959999084472656
110,111.0,26.100000381469727
111,112.0,21.719999313354492
112,113.0,8.119999885559082
113,114.0,11.8100004196167
114,115.0,23.510000228881836
115,116.0,17.030000686645508
116,117.0,18.8700008392334
117,118.0,28.93000030517578
118,119.0,17.0
119,120.0,23.010000228881836
120,121.0,17.510000228881836
121,122.0,6.300000190734863
122,123.0,14.920000076293945
123,124.0,28.700000762939453
124,125.0,23.940000534057617
125,126.0,43.08000183105469
126,127.0,18.190000534057617
127,128.0,30.40999984741211
128,129.0,38.83000183105469
129,130.0,21.540000915527344
130,131.0,26.100000381469727
131,132.0,26.43000030517578
132,133.0,21.850000381469727
133,134.0,24.1299991607666
134,135.0,13.890000343322754
135,136.0,30.149999618530273
136,137.0,26.31999969482422
137,138.0,17.979999542236328
138,139.0,14.630000114440918
139,140.0,21.420000076293945
140,141.0,13.369999885559082
141,142.0,29.459999084472656
142,143.0,34.439998626708984
143,144.0,30.190000534057617
144,145.0,26.809999465942383
145,146.0,32.279998779296875
146,147.0,26.25
147,148.0,21.479999542236328
148,149.0,28.280000686645508
149,150.0,19.420000076293945
150,151.0,14.869999885559082
151,152.0,18.010000228881836
152,153.0,31.25
153,154.0,30.139999389648438
154,155.0,18.6200008392334
155,156.0,20.959999084472656
156,157.0,24.899999618530273
157,158.0,14.100000381469727
158,159.0,26.610000610351562
159,160.0,37.0099983215332
160,161.0,29.059999465942383
161,162.0,31.84000015258789
162,163.0,32.939998626708984
163,164.0,26.81999969482422
164,165.0,23.899999618530273
165,166.0,28.700000762939453
166,167.0,30.93000030517578
167,168.0,33.25
168,169.0,29.6200008392334
169,170.0,15.119999885559082
170,171.0,28.739999771118164
171,172.0,24.270000457763672
172,173.0,20.75
173,174.0,27.93000030517578
174,175.0,27.739999771118164
175,176.0,19.790000915527344
176,177.0,20.790000915527344
177,178.0,23.829999923706055
178,179.0,26.020000457763672
179,180.0,20.3700008392334
180,181.0,24.579999923706055
181,182.0,31.1200008392334
182,183.0,17.479999542236328
183,184.0,22.079999923706055
184,185.0,30.65999984741211
185,186.0,24.15999984741211
186,187.0,26.1200008392334
187,188.0,19.139999389648438
188,189.0,19.139999389648438
189,190.0,24.469999313354492
190,191.0,25.260000228881836
191,192.0,26.31999969482422
192,193.0,16.25
193,194.0,30.549999237060547
194,195.0,13.699999809265137
195,196.0,38.540000915527344
196,197.0,18.350000381469727
197,198.0,19.469999313354492
198,199.0,23.809999465942383
199,200.0,22.25
200,201.0,21.309999465942383
201,202.0,32.869998931884766
202,203.0,33.459999084472656
203,204.0,22.700000762939453
204,205.0,23.989999771118164
205,206.0,26.6200008392334
206,207.0,22.6299991607666
207,208.0,28.579999923706055
208,209.0,22.65999984741211
209,210.0,19.579999923706055
210,211.0,23.09000015258789
211,212.0,25.040000915527344
212,213.0,27.360000610351562
213,214.0,29.75
214,215.0,21.670000076293945
215,216.0,24.440000534057617
216,217.0,26.100000381469727
217,218.0,28.3799991607666
218,219.0,32.0
219,220.0,22.030000686645508
220,221.0,13.109999656677246
221,222.0,10.380000114440918
222,223.0,10.319999694824219
223,224.0,11.869999885559082
224,225.0,29.93000030517578
225,226.0,26.229999542236328
226,227.0,34.38999938964844
227,228.0,30.440000534057617
228,229.0,30.030000686645508
229,230.0,26.56999969482422
230,231.0,38.400001525878906
231,232.0,40.310001373291016
232,233.0,28.579999923706055
233,234.0,19.25
234,235.0,22.59000015258789
235,236.0,17.760000228881836
236,237.0,15.770000457763672
237,238.0,34.36000061035156
238,239.0,24.510000228881836
239,240.0,30.020000457763672
240,241.0,38.470001220703125
241,242.0,19.489999771118164
242,243.0,16.399999618530273
243,244.0,15.489999771118164
244,245.0,17.899999618530273
245,246.0,25.950000762939453
246,247.0,23.360000610351562
247,248.0,15.34000015258789
248,249.0,21.139999389648438
249,250.0,26.0
250,251.0,15.420000076293945
251,252.0,18.290000915527344
252,253.0,6.989999771118164
253,254.0,28.040000915527344
254,255.0,7.880000114440918
255,256.0,30.139999389648438
256,257.0,3.3299999237060547
257,258.0,13.399999618530273
258,259.0,11.869999885559082
259,260.0,24.31999969482422
260,261.0,19.68000030517578
261,262.0,24.920000076293945
262,263.0,18.729999542236328
263,264.0,23.770000457763672
264,265.0,23.049999237060547
265,266.0,15.369999885559082
266,267.0,17.110000610351562
267,268.0,26.200000762939453
268,269.0,17.31999969482422
269,270.0,21.290000915527344
270,271.0,18.450000762939453
271,272.0,28.579999923706055
272,273.0,19.100000381469727
273,274.0,16.209999084472656
274,275.0,18.219999313354492
275,276.0,16.75
276,277.0,22.1200008392334
277,278.0,25.260000228881836
278,279.0,24.739999771118164
279,280.0,22.170000076293945
280,281.0,19.3799991607666
281,282.0,26.209999084472656
282,283.0,23.809999465942383
283,284.0,24.049999237060547
284,285.0,28.649999618530273
285,286.0,21.440000534057617
286,287.0,33.63999938964844
287,288.0,6.260000228881836
288,289.0,37.380001068115234
289,290.0,40.380001068115234
290,291.0,19.059999465942383
291,292.0,34.72999954223633
292,293.0,41.95000076293945
293,294.0,28.889999389648438
294,295.0,29.350000381469727
295,296.0,21.1200008392334
296,297.0,16.729999542236328
297,298.0,24.270000457763672
298,299.0,29.309999465942383
299,300.0,39.27000045776367
300,301.0,38.150001525878906
301,302.0,21.6299991607666
302,303.0,16.139999389648438
303,304.0,29.3799991607666
304,305.0,30.260000228881836
305,306.0,33.2599983215332
306,307.0,27.059999465942383
307,308.0,22.920000076293945
308,309.0,30.25
309,310.0,20.1299991607666
310,311.0,34.619998931884766
311,312.0,21.739999771118164
312,313.0,29.3700008392334
313,314.0,20.360000610351562
314,315.0,15.710000038146973
315,316.0,19.84000015258789
316,317.0,17.31999969482422
317,318.0,18.229999542236328
318,319.0,14.729999542236328
319,320.0,15.260000228881836
320,321.0,13.260000228881836
321,322.0,14.109999656677246
322,323.0,15.270000457763672
323,324.0,21.760000228881836
324,325.0,19.0
325,326.0,20.829999923706055
326,327.0,20.940000534057617
327,328.0,26.239999771118164
328,329.0,19.670000076293945
329,330.0,14.8100004196167
330,331.0,19.209999084472656
331,332.0,15.079999923706055
332,333.0,8.300000190734863
333,334.0,13.449999809265137
334,335.0,31.059999465942383
335,336.0,16.3799991607666
336,337.0,18.200000762939453
337,338.0,17.239999771118164
338,339.0,15.949999809265137
339,340.0,22.649999618530273
340,341.0,28.700000762939453
341,342.0,33.40999984741211
342,343.0,31.09000015258789
343,344.0,33.91999816894531
344,345.0,25.219999313354492
345,346.0,17.43000030517578
346,347.0,21.8700008392334
347,348.0,17.510000228881836
348,349.0,19.639999389648438
349,350.0,25.34000015258789
350,351.0,29.059999465942383
351,352.0,29.149999618530273
352,353.0,14.829999923706055
353,354.0,14.020000457763672
354,355.0,15.739999771118164
355,356.0,18.059999465942383
356,357.0,11.399999618530273
357,358.0,17.8700008392334
358,359.0,19.010000228881836
359,360.0,14.079999923706055
360,361.0,34.41999816894531
361,362.0,20.399999618530273
362,363.0,27.860000610351562
363,364.0,28.729999542236328
364,365.0,22.549999237060547
365,366.0,21.489999771118164
366,367.0,18.25
367,368.0,27.34000015258789
368,369.0,19.8799991607666
369,370.0,21.639999389648438
370,371.0,25.06999969482422
371,372.0,17.40999984741211
372,373.0,21.020000457763672
373,374.0,23.959999084472656
374,375.0,22.639999389648438
375,376.0,17.75
376,377.0,26.1200008392334
377,378.0,22.899999618530273
378,379.0,27.899999618530273
379,380.0,27.780000686645508
380,381.0,31.270000457763672
381,382.0,43.209999084472656
382,383.0,20.440000534057617
383,384.0,24.3700008392334
384,385.0,23.899999618530273
385,386.0,28.700000762939453
386,387.0,27.049999237060547
387,388.0,18.93000030517578
388,389.0,15.789999961853027
389,390.0,14.739999771118164
390,391.0,21.489999771118164
391,392.0,24.489999771118164
392,393.0,24.280000686645508
393,394.0,28.600000381469727
394,395.0,27.799999237060547
395,396.0,24.56999969482422
396,397.0,24.84000015258789
397,398.0,30.799999237060547
398,399.0,23.639999389648438
399,400.0,31.700000762939453
400,401.0,31.799999237060547
401,402.0,24.829999923706055
402,403.0,31.610000610351562
403,404.0,35.59000015258789
404,405.0,28.25
405,406.0,27.450000762939453
406,407.0,26.540000915527344
407,408.0,30.43000030517578
408,409.0,17.440000534057617
409,410.0,25.959999084472656
410,411.0,37.58000183105469
411,412.0,17.6299991607666
412,413.0,21.5
413,414.0,20.68000030517578
414,415.0,27.780000686645508
415,416.0,31.360000610351562
416,417.0,24.579999923706055
417,418.0,24.06999969482422
418,419.0,32.060001373291016
419,420.0,31.3700008392334
420,421.0,32.869998931884766
421,422.0,14.15999984741211
422,423.0,22.850000381469727
423,424.0,30.75
424,425.0,31.760000228881836
425,426.0,26.3799991607666
426,427.0,30.59000015258789
427,428.0,21.899999618530273
428,429.0,25.559999465942383
429,430.0,23.510000228881836
430,431.0,34.22999954223633
431,432.0,17.829999923706055
432,433.0,22.850000381469727
433,434.0,22.149999618530273
434,435.0,31.889999389648438
435,436.0,30.469999313354492
436,437.0,26.729999542236328
437,438.0,31.469999313354492
438,439.0,17.760000228881836
439,440.0,22.829999923706055
440,441.0,26.540000915527344
441,442.0,18.559999465942383
442,443.0,18.139999389648438
443,444.0,21.200000762939453
444,445.0,24.34000015258789
445,446.0,22.850000381469727
446,447.0,19.639999389648438
447,448.0,19.75
448,449.0,26.020000457763672
449,450.0,23.020000457763672
450,451.0,18.780000686645508
451,452.0,19.59000015258789
452,453.0,26.989999771118164
453,454.0,21.610000610351562
454,455.0,15.100000381469727
455,456.0,38.0
456,457.0,15.8100004196167
457,458.0,23.520000457763672
458,459.0,16.709999084472656
459,460.0,28.440000534057617
460,461.0,14.050000190734863
461,462.0,26.829999923706055
462,463.0,23.579999923706055
463,464.0,17.770000457763672
464,465.0,29.979999542236328
465,466.0,21.8799991607666
466,467.0,34.189998626708984
467,468.0,41.7599983215332
468,469.0,42.2599983215332
469,470.0,42.290000915527344
470,471.0,33.349998474121094
471,472.0,29.790000915527344
472,473.0,37.36000061035156
473,474.0,19.40999984741211
474,475.0,26.75
475,476.0,29.049999237060547
476,477.0,35.540000915527344
477,478.0,19.959999084472656
478,479.0,15.680000305175781
479,480.0,27.950000762939453
480,481.0,23.989999771118164
481,482.0,24.969999313354492
482,483.0,39.0
483,484.0,32.849998474121094
484,485.0,37.34000015258789
485,486.0,28.479999542236328
486,487.0,29.270000457763672
487,488.0,32.380001068115234
488,489.0,20.079999923706055
489,490.0,34.91999816894531
490,491.0,34.81999969482422
491,492.0,21.520000457763672
492,493.0,26.149999618530273
493,494.0,33.47999954223633
494,495.0,19.440000534057617
495,496.0,19.690000534057617
496,497.0,15.380000114440918
497,498.0,34.29999923706055
498,499.0,28.110000610351562
499,500.0,8.449999809265137
500,501.0,14.15999984741211
501,502.0,25.6299991607666
502,503.0,32.47999954223633
503,504.0,30.81999969482422
504,505.0,29.329999923706055
505,506.0,12.140000343322754
506,507.0,16.860000610351562
507,508.0,14.489999771118164
508,509.0,26.260000228881836
509,510.0,17.40999984741211
510,511.0,17.809999465942383
511,512.0,17.75
512,513.0,21.530000686645508
513,514.0,18.1299991607666
514,515.0,15.729999542236328
515,516.0,18.31999969482422
516,517.0,22.309999465942383
517,518.0,16.670000076293945
518,519.0,13.149999618530273
519,520.0,22.049999237060547
520,521.0,15.600000381469727
521,522.0,12.350000381469727
522,523.0,13.930000305175781
523,524.0,28.09000015258789
524,525.0,20.459999084472656
525,526.0,24.270000457763672
526,527.0,25.0
527,528.0,28.040000915527344
528,529.0,22.450000762939453
529,530.0,42.119998931884766
530,531.0,27.540000915527344
531,532.0,26.360000610351562
532,533.0,29.799999237060547
533,534.0,26.6299991607666
534,535.0,26.350000381469727
535,536.0,15.729999542236328
536,537.0,41.72999954223633
537,538.0,15.319999694824219
538,539.0,27.079999923706055
539,540.0,17.959999084472656
540,541.0,17.399999618530273
541,542.0,18.760000228881836
542,543.0,22.100000381469727
543,544.0,11.010000228881836
544,545.0,21.389999389648438
545,546.0,28.100000381469727
546,547.0,22.170000076293945
547,548.0,18.309999465942383
548,549.0,15.449999809265137
549,550.0,21.40999984741211
550,551.0,24.389999389648438
551,552.0,28.440000534057617
552,553.0,9.699999809265137
553,554.0,20.729999542236328
554,555.0,10.119999885559082
555,556.0,30.850000381469727
556,557.0,34.02000045776367
557,558.0,27.229999542236328
558,559.0,33.7400016784668
559,560.0,28.75
560,561.0,32.040000915527344
561,562.0,28.40999984741211
562,563.0,27.530000686645508
563,564.0,17.3700008392334
564,565.0,25.40999984741211
565,566.0,19.329999923706055
566,567.0,13.029999732971191
567,568.0,41.90999984741211
568,569.0,20.850000381469727
569,570.0,19.790000915527344
570,571.0,20.31999969482422
571,572.0,20.040000915527344
572,573.0,20.920000076293945
573,574.0,25.469999313354492
574,575.0,25.18000030517578
575,576.0,19.739999771118164
576,577.0,17.360000610351562
577,578.0,18.030000686645508
578,579.0,28.829999923706055
579,580.0,20.299999237060547
580,581.0,33.56999969482422
581,582.0,18.719999313354492
582,583.0,20.799999237060547
583,584.0,24.280000686645508
584,585.0,20.520000457763672
585,586.0,25.3799991607666
586,587.0,20.209999084472656
587,588.0,29.299999237060547
588,589.0,35.040000915527344
589,590.0,20.510000228881836
590,591.0,35.02000045776367
591,592.0,34.790000915527344
592,593.0,35.220001220703125
593,594.0,30.190000534057617
594,595.0,24.600000381469727
595,596.0,19.59000015258789
596,597.0,27.760000228881836
597,598.0,18.790000915527344
598,599.0,20.299999237060547
599,600.0,16.059999465942383
600,601.0,23.260000228881836
601,602.0,22.049999237060547
602,603.0,20.030000686645508
603,604.0,23.389999389648438
604,605.0,18.479999542236328
605,606.0,36.66999816894531
606,607.0,24.579999923706055
607,608.0,23.110000610351562
608,609.0,17.719999313354492
609,610.0,18.030000686645508
610,611.0,25.139999389648438
611,612.0,8.90999984741211
612,613.0,18.40999984741211
613,614.0,20.299999237060547
614,615.0,26.290000915527344
615,616.0,25.43000030517578
616,617.0,19.1200008392334
617,618.0,37.16999816894531
618,619.0,36.31999969482422
619,620.0,33.04999923706055
620,621.0,17.920000076293945
621,622.0,20.559999465942383
622,623.0,23.1299991607666
623,624.0,18.559999465942383
624,625.0,26.010000228881836
625,626.0,22.260000228881836
626,627.0,20.100000381469727
627,628.0,32.33000183105469
628,629.0,32.689998626708984
629,630.0,37.310001373291016
630,631.0,27.610000610351562
631,632.0,15.289999961853027
632,633.0,15.34000015258789
633,634.0,21.040000915527344
634,635.0,15.520000457763672
635,636.0,21.43000030517578
636,637.0,19.81999969482422
637,638.0,21.5
638,639.0,21.579999923706055
639,640.0,7.730000019073486
640,641.0,14.979999542236328
641,642.0,22.860000610351562
642,643.0,19.639999389648438
643,644.0,19.93000030517578
644,645.0,21.440000534057617
645,646.0,17.739999771118164
646,647.0,21.239999771118164
647,648.0,19.959999084472656
648,649.0,27.360000610351562
649,650.0,26.81999969482422
650,651.0,23.610000610351562
651,652.0,15.979999542236328
652,653.0,21.639999389648438
653,654.0,17.200000762939453
654,655.0,20.489999771118164
655,656.0,22.040000915527344
656,657.0,32.029998779296875
657,658.0,23.350000381469727
658,659.0,22.059999465942383
659,660.0,18.170000076293945
660,661.0,18.270000457763672
661,662.0,25.010000228881836
662,663.0,29.719999313354492
663,664.0,23.670000076293945
664,665.0,39.29999923706055
665,666.0,41.2599983215332
666,667.0,21.399999618530273
667,668.0,19.25
668,669.0,15.84000015258789
669,670.0,16.969999313354492
670,671.0,21.719999313354492
671,672.0,23.489999771118164
672,673.0,24.540000915527344
673,674.0,34.810001373291016
674,675.0,27.139999389648438
675,676.0,33.97999954223633
676,677.0,25.950000762939453
677,678.0,23.719999313354492
678,679.0,29.829999923706055
679,680.0,36.18000030517578
680,681.0,37.38999938964844
681,682.0,29.84000015258789
682,683.0,29.09000015258789
683,684.0,24.68000030517578
684,685.0,18.8700008392334
685,686.0,15.329999923706055
686,687.0,14.319999694824219
687,688.0,18.110000610351562
688,689.0,14.569999694824219
689,690.0,15.350000381469727
690,691.0,27.709999084472656
691,692.0,18.209999084472656
692,693.0,16.989999771118164
693,694.0,28.25
694,695.0,18.75
695,696.0,11.800000190734863
696,697.0,7.380000114440918
697,698.0,35.08000183105469
698,699.0,17.56999969482422
699,700.0,29.790000915527344
700,701.0,22.139999389648438
701,702.0,23.350000381469727
702,703.0,21.959999084472656
703,704.0,10.779999732971191
704,705.0,41.2599983215332
705,706.0,18.700000762939453
706,707.0,51.58000183105469
707,708.0,15.079999923706055
708,709.0,11.529999732971191
709,710.0,11.600000381469727
710,711.0,29.149999618530273
711,712.0,11.760000228881836
712,713.0,23.639999389648438
713,714.0,29.260000228881836
714,715.0,19.43000030517578
715,716.0,15.760000228881836
716,717.0,10.460000038146973
717,718.0,3.0799999237060547
718,719.0,23.399999618530273
719,720.0,50.189998626708984
720,721.0,37.650001525878906
721,722.0,39.15999984741211
722,723.0,18.770000457763672
723,724.0,12.5
724,725.0,31.489999771118164
725,726.0,27.860000610351562
726,727.0,30.0
727,728.0,28.989999771118164
728,729.0,20.170000076293945
729,730.0,34.75
730,731.0,32.81999969482422
731,732.0,20.139999389648438
732,733.0,32.470001220703125
733,734.0,23.540000915527344
734,735.0,32.560001373291016
735,736.0,14.6899995803833
736,737.0,17.139999389648438
737,738.0,22.75
738,739.0,22.200000762939453
739,740.0,21.200000762939453
740,741.0,19.290000915527344
741,742.0,19.399999618530273
742,743.0,12.420000076293945
743,744.0,9.869999885559082
744,745.0,24.770000457763672
745,746.0,12.5
746,747.0,18.010000228881836
747,748.0,27.610000610351562
748,749.0,20.860000610351562
749,750.0,12.520000457763672
750,751.0,14.539999961853027
751,752.0,14.210000038146973
752,753.0,10.770000457763672
753,754.0,14.470000267028809
754,755.0,18.40999984741211
755,756.0,21.559999465942383
756,757.0,18.989999771118164
757,758.0,23.100000381469727
758,759.0,28.59000015258789
759,760.0,33.9900016784668
760,761.0,31.700000762939453
761,762.0,36.45000076293945
762,763.0,28.270000457763672
763,764.0,27.530000686645508
764,765.0,25.65999984741211
765,766.0,21.030000686645508
766,767.0,49.77000045776367
767,768.0,32.650001525878906
768,769.0,28.760000228881836
769,770.0,14.510000228881836
770,771.0,12.680000305175781
771,772.0,17.200000762939453
772,773.0,33.220001220703125
773,774.0,17.670000076293945
774,775.0,29.040000915527344
775,776.0,16.979999542236328
776,777.0,17.799999237060547
777,778.0,32.15999984741211
778,779.0,33.47999954223633
779,780.0,21.739999771118164
780,781.0,22.1200008392334
781,782.0,23.389999389648438
782,783.0,28.209999084472656
783,784.0,22.170000076293945
784,785.0,15.5
785,786.0,16.479999542236328
786,787.0,15.609999656677246
787,788.0,14.699999809265137
788,789.0,12.850000381469727
789,790.0,17.40999984741211
790,791.0,30.450000762939453
791,792.0,33.41999816894531
792,793.0,34.02000045776367
793,794.0,20.510000228881836
794,795.0,26.610000610351562
795,796.0,16.06999969482422
796,797.0,18.899999618530273
797,798.0,17.610000610351562
798,799.0,17.40999984741211
799,800.0,17.510000228881836
800,801.0,16.600000381469727
801,802.0,13.420000076293945
802,803.0,21.1299991607666
803,804.0,21.059999465942383
804,805.0,27.549999237060547
805,806.0,31.889999389648438
806,807.0,23.25
807,808.0,31.719999313354492
808,809.0,31.5
809,810.0,29.979999542236328
810,811.0,18.6299991607666
811,812.0,20.420000076293945
812,813.0,23.690000534057617
813,814.0,22.709999084472656
814,815.0,31.420000076293945
815,816.0,29.81999969482422
816,817.0,37.220001220703125
817,818.0,16.829999923706055
818,819.0,21.329999923706055
819,820.0,17.940000534057617
820,821.0,26.510000228881836
821,822.0,19.610000610351562
822,823.0,24.5
823,824.0,15.140000343322754
824,825.0,26.579999923706055
825,826.0,22.34000015258789
826,827.0,34.36000061035156
827,828.0,21.329999923706055
828,829.0,26.959999084472656
829,830.0,28.200000762939453
830,831.0,20.68000030517578
831,832.0,17.860000610351562
832,833.0,21.56999969482422
833,834.0,18.729999542236328
834,835.0,22.200000762939453
835,836.0,19.290000915527344
836,837.0,20.219999313354492
837,838.0,21.600000381469727
838,839.0,32.47999954223633
839,840.0,30.040000915527344
840,841.0,31.549999237060547
841,842.0,30.65999984741211
842,843.0,11.899999618530273
843,844.0,16.8700008392334
844,845.0,20.34000015258789
845,846.0,18.639999389648438
846,847.0,19.75
847,848.0,20.860000610351562
848,849.0,20.690000534057617
849,850.0,17.559999465942383
850,851.0,36.79999923706055
851,852.0,36.77000045776367
852,853.0,28.049999237060547
853,854.0,30.520000457763672
854,855.0,10.460000038146973
855,856.0,30.809999465942383
856,857.0,15.4399995803833
857,858.0,24.18000030517578
858,859.0,23.100000381469727
859,860.0,18.75
860,861.0,27.110000610351562
861,862.0,29.5
862,863.0,16.34000015258789
863,864.0,23.209999084472656
864,865.0,18.309999465942383
865,866.0,30.09000015258789
866,867.0,35.880001068115234
867,868.0,29.93000030517578
868,869.0,16.1299991607666
869,870.0,21.399999618530273
870,871.0,28.100000381469727
871,872.0,12.869999885559082
872,873.0,17.309999465942383
873,874.0,21.299999237060547
874,875.0,21.670000076293945
875,876.0,24.030000686645508
876,877.0,34.65999984741211
877,878.0,30.600000381469727
878,879.0,22.799999237060547
879,880.0,27.93000030517578
880,881.0,15.600000381469727
881,882.0,16.989999771118164
882,883.0,34.380001068115234
883,884.0,27.049999237060547
884,885.0,19.6299991607666
885,886.0,23.059999465942383
886,887.0,18.350000381469727
887,888.0,18.06999969482422
888,889.0,29.75
889,890.0,17.100000381469727
890,891.0,21.450000762939453
891,892.0,24.190000534057617
892,893.0,24.860000610351562
893,894.0,20.420000076293945
894,895.0,18.8700008392334
895,896.0,18.149999618530273
896,897.0,35.5
897,898.0,19.739999771118164
898,899.0,21.40999984741211
899,900.0,21.299999237060547
900,901.0,18.59000015258789
901,902.0,17.420000076293945
902,903.0,15.289999961853027
903,904.0,18.829999923706055
904,905.0,19.3799991607666
905,906.0,19.030000686645508
906,907.0,21.079999923706055
907,908.0,20.889999389648438
908,909.0,29.56999969482422
909,910.0,17.40999984741211
910,911.0,40.369998931884766
911,912.0,23.520000457763672
912,913.0,26.420000076293945
913,914.0,26.3700008392334
914,915.0,22.530000686645508
915,916.0,15.420000076293945
916,917.0,16.6299991607666
917,918.0,23.09000015258789
918,919.0,25.540000915527344
919,920.0,31.770000457763672
920,921.0,8.75
921,922.0,36.70000076293945
922,923.0,38.2599983215332
923,924.0,33.77000045776367
924,925.0,24.309999465942383
925,926.0,27.139999389648438
926,927.0,20.219999313354492
927,928.0,30.889999389648438
928,929.0,24.68000030517578
929,930.0,25.84000015258789
930,931.0,30.709999084472656
931,932.0,28.59000015258789
932,933.0,25.989999771118164
933,934.0,19.510000228881836
934,935.0,28.780000686645508
935,936.0,22.0
936,937.0,17.59000015258789
937,938.0,23.510000228881836
938,939.0,33.439998626708984
939,940.0,26.940000534057617
940,941.0,27.809999465942383
941,942.0,17.549999237060547
942,943.0,19.670000076293945
943,944.0,20.799999237060547
944,945.0,35.130001068115234
945,946.0,20.56999969482422
946,947.0,27.93000030517578
947,948.0,56.560001373291016
948,949.0,29.899999618530273
949,950.0,26.1299991607666
950,951.0,19.899999618530273
951,952.0,23.809999465942383
952,953.0,27.950000762939453
953,954.0,20.049999237060547
954,955.0,11.1899995803833
955,956.0,22.229999542236328
956,957.0,24.979999542236328
957,958.0,24.219999313354492
958,959.0,22.809999465942383
959,960.0,26.149999618530273
960,961.0,28.06999969482422
961,962.0,22.0
962,963.0,26.520000457763672
963,964.0,19.989999771118164
964,965.0,25.790000915527344
965,966.0,22.43000030517578
966,967.0,24.969999313354492
967,968.0,20.100000381469727
968,969.0,22.899999618530273
969,970.0,26.799999237060547
970,971.0,30.010000228881836
971,972.0,26.56999969482422
972,973.0,30.459999084472656
973,974.0,19.549999237060547
974,975.0,29.860000610351562
975,976.0,26.290000915527344
976,977.0,23.479999542236328
977,978.0,22.329999923706055
978,979.0,24.389999389648438
979,980.0,29.360000610351562
980,981.0,26.959999084472656
981,982.0,27.90999984741211
982,983.0,25.989999771118164
983,984.0,20.440000534057617
984,985.0,25.889999389648438
985,986.0,33.709999084472656
986,987.0,40.20000076293945
987,988.0,23.149999618530273
988,989.0,21.739999771118164
989,990.0,26.40999984741211
990,991.0,26.459999084472656
991,992.0,27.219999313354492
992,993.0,20.489999771118164
993,994.0,29.5
994,995.0,22.68000030517578
995,996.0,22.799999237060547
996,997.0,22.079999923706055
997,998.0,19.0
998,999.0,19.139999389648438
999,1000.0,20.239999771118164
1000,1001.0,21.010000228881836
1001,1002.0,23.920000076293945
1002,1003.0,28.3700008392334
1003,1004.0,16.399999618530273
1004,1005.0,17.469999313354492
1005,1006.0,22.0
1006,1007.0,30.110000610351562
1007,1008.0,18.579999923706055
1008,1009.0,19.790000915527344
1009,1010.0,21.260000228881836
1010,1011.0,27.190000534057617
1011,1012.0,25.90999984741211
1012,1013.0,21.280000686645508
1013,1014.0,21.809999465942383
1014,1015.0,19.079999923706055
1015,1016.0,17.469999313354492
1016,1017.0,18.219999313354492
1017,1018.0,20.170000076293945
1018,1019.0,17.149999618530273
1019,1020.0,22.43000030517578
1020,1021.0,20.440000534057617
1021,1022.0,30.75
1022,1023.0,21.40999984741211
1023,1024.0,24.559999465942383
1024,1025.0,28.010000228881836
1025,1026.0,18.860000610351562
1026,1027.0,26.020000457763672
1027,1028.0,19.690000534057617
1028,1029.0,19.34000015258789
1029,1030.0,20.8700008392334
1030,1031.0,26.030000686645508
1031,1032.0,18.969999313354492
1032,1033.0,15.359999656677246
1033,1034.0,23.649999618530273
1034,1035.0,13.1899995803833
1035,1036.0,25.40999984741211
1036,1037.0,16.93000030517578
1037,1038.0,26.829999923706055
1038,1039.0,24.440000534057617
1039,1040.0,33.220001220703125
1040,1041.0,45.13999938964844
1041,1042.0,34.099998474121094
1042,1043.0,22.3700008392334
1043,1044.0,34.43000030517578
1044,1045.0,42.36000061035156
1045,1046.0,41.41999816894531
1046,1047.0,21.5
1047,1048.0,29.979999542236328
1048,1049.0,23.350000381469727
1049,1050.0,22.739999771118164
1050,1051.0,21.610000610351562
1051,1052.0,21.850000381469727
1052,1053.0,23.3799991607666
1053,1054.0,30.329999923706055
1054,1055.0,30.860000610351562
1055,1056.0,24.010000228881836
1056,1057.0,36.470001220703125
1057,1058.0,37.900001525878906
1058,1059.0,30.90999984741211
1059,1060.0,16.65999984741211
1060,1061.0,18.59000015258789
1061,1062.0,21.309999465942383
1062,1063.0,23.010000228881836
1063,1064.0,15.199999809265137
1064,1065.0,19.860000610351562
1065,1066.0,19.700000762939453
1066,1067.0,16.420000076293945
1067,1068.0,19.959999084472656
1068,1069.0,18.010000228881836
1069,1070.0,20.389999389648438
1070,1071.0,23.530000686645508
1071,1072.0,20.100000381469727
1072,1073.0,28.649999618530273
1073,1074.0,23.959999084472656
1074,1075.0,17.3700008392334
1075,1076.0,32.58000183105469
1076,1077.0,20.200000762939453
1077,1078.0,22.200000762939453
1078,1079.0,21.649999618530273
1079,1080.0,23.049999237060547
1080,1081.0,23.190000534057617
1081,1082.0,32.33000183105469
1082,1083.0,28.229999542236328
1083,1084.0,16.690000534057617
1084,1085.0,41.29999923706055
1085,1086.0,24.110000610351562
1086,1087.0,14.350000381469727
1087,1088.0,18.860000610351562
1088,1089.0,20.760000228881836
1089,1090.0,19.940000534057617
1090,1091.0,33.63999938964844
1091,1092.0,33.08000183105469
1092,1093.0,13.550000190734863
1093,1094.0,12.550000190734863
1094,1095.0,10.319999694824219
1095,1096.0,21.0
1096,1097.0,28.190000534057617
1097,1098.0,25.100000381469727
1098,1099.0,26.079999923706055
1099,1100.0,29.389999389648438
1100,1101.0,33.91999816894531
1101,1102.0,28.260000228881836
1102,1103.0,23.6200008392334
1103,1104.0,20.950000762939453
1104,1105.0,20.149999618530273
1105,1106.0,28.06999969482422
1106,1107.0,16.959999084472656
1107,1108.0,19.270000457763672
1108,1109.0,25.950000762939453
1109,1110.0,28.829999923706055
1110,1111.0,27.649999618530273
1111,1112.0,29.010000228881836
1112,1113.0,15.59000015258789
1113,1114.0,21.260000228881836
1114,1115.0,23.450000762939453
1115,1116.0,44.7400016784668
1116,1117.0,21.799999237060547
1117,1118.0,25.700000762939453
1118,1119.0,29.200000762939453
1119,1120.0,33.060001373291016
1120,1121.0,23.350000381469727
1121,1122.0,23.43000030517578
1122,1123.0,29.809999465942383
1123,1124.0,22.790000915527344
1124,1125.0,20.950000762939453
1125,1126.0,31.920000076293945
1126,1127.0,31.65999984741211
1127,1128.0,26.5
1128,1129.0,28.209999084472656
1129,1130.0,27.239999771118164
1130,1131.0,31.739999771118164
1131,1132.0,24.760000228881836
1132,1133.0,14.510000228881836
1133,1134.0,25.3799991607666
1134,1135.0,11.789999961853027
1135,1136.0,14.260000228881836
1136,1137.0,16.399999618530273
1137,1138.0,23.979999542236328
1138,1139.0,29.799999237060547
1139,1140.0,26.25
1140,1141.0,36.959999084472656
1141,1142.0,26.25
1142,1143.0,24.40999984741211
1143,1144.0,29.010000228881836
1144,1145.0,28.799999237060547
1145,1146.0,31.350000381469727
1146,1147.0,26.729999542236328
1147,1148.0,31.260000228881836
1148,1149.0,30.170000076293945
1149,1150.0,31.1200008392334
1150,1151.0,17.809999465942383
1151,1152.0,37.869998931884766
1152,1153.0,21.469999313354492
1153,1154.0,19.81999969482422
1154,1155.0,27.809999465942383
1155,1156.0,25.25
1156,1157.0,14.029999732971191
1157,1158.0,25.8799991607666
1158,1159.0,29.440000534057617
1159,1160.0,22.43000030517578
1160,1161.0,20.649999618530273
1161,1162.0,20.25
1162,1163.0,15.949999809265137
1163,1164.0,25.959999084472656
1164,1165.0,22.93000030517578
1165,1166.0,33.06999969482422
1166,1167.0,15.579999923706055
1167,1168.0,34.40999984741211
1168,1169.0,28.559999465942383
1169,1170.0,35.88999938964844
1170,1171.0,27.600000381469727
1171,1172.0,19.09000015258789
1172,1173.0,20.459999084472656
1173,1174.0,21.030000686645508
1174,1175.0,21.020000457763672
1175,1176.0,27.049999237060547
1176,1177.0,20.260000228881836
1177,1178.0,27.709999084472656
1178,1179.0,26.549999237060547
1179,1180.0,20.399999618530273
1180,1181.0,29.760000228881836
1181,1182.0,23.899999618530273
1182,1183.0,24.040000915527344
1183,1184.0,24.34000015258789
1184,1185.0,18.479999542236328
1185,1186.0,17.690000534057617
1186,1187.0,16.209999084472656
1187,1188.0,27.639999389648438
1188,1189.0,22.950000762939453
1189,1190.0,24.440000534057617
1190,1191.0,28.75
1191,1192.0,28.079999923706055
1192,1193.0,29.670000076293945
1193,1194.0,28.110000610351562
1194,1195.0,32.880001068115234
1195,1196.0,30.469999313354492
1196,1197.0,29.420000076293945
1197,1198.0,29.549999237060547
1198,1199.0,26.690000534057617
1199,1200.0,28.780000686645508
1200,1201.0,17.809999465942383
1201,1202.0,20.639999389648438
1202,1203.0,24.770000457763672
1203,1204.0,27.020000457763672
1204,1205.0,28.549999237060547
1205,1206.0,13.970000267028809
1206,1207.0,25.420000076293945
1207,1208.0,22.93000030517578
1208,1209.0,20.639999389648438
1209,1210.0,30.280000686645508
1210,1211.0,25.3799991607666
1211,1212.0,23.68000030517578
1212,1213.0,23.700000762939453
1213,1214.0,43.34000015258789
1214,1215.0,38.630001068115234
1215,1216.0,40.290000915527344
1216,1217.0,37.68000030517578
1217,1218.0,37.33000183105469
1218,1219.0,36.68000030517578
1219,1220.0,28.549999237060547
1220,1221.0,25.84000015258789
1221,1222.0,22.93000030517578
1222,1223.0,22.690000534057617
1223,1224.0,20.829999923706055
1224,1225.0,21.270000457763672
1225,1226.0,15.510000228881836
1226,1227.0,52.29999923706055
1227,1228.0,41.52000045776367
1228,1229.0,41.43000030517578
1229,1230.0,23.059999465942383
1230,1231.0,29.149999618530273
1231,1232.0,25.469999313354492
1232,1233.0,28.209999084472656
1233,1234.0,21.790000915527344
1234,1235.0,20.950000762939453
1235,1236.0,18.1299991607666
1236,1237.0,31.25
1237,1238.0,24.030000686645508
1238,1239.0,25.200000762939453
1239,1240.0,23.149999618530273
1240,1241.0,22.549999237060547
1241,1242.0,19.0
1242,1243.0,23.440000534057617
1243,1244.0,17.31999969482422
1244,1245.0,27.219999313354492
1245,1246.0,27.899999618530273
1246,1247.0,15.149999618530273
1247,1248.0,21.329999923706055
1248,1249.0,23.809999465942383
1249,1250.0,16.950000762939453
1250,1251.0,28.229999542236328
1251,1252.0,24.610000610351562
1252,1253.0,42.5099983215332
1253,1254.0,25.809999465942383
1254,1255.0,23.809999465942383
1255,1256.0,35.369998931884766
1256,1257.0,32.9900016784668
1257,1258.0,33.43000030517578
1258,1259.0,46.77000045776367
1259,1260.0,31.600000381469727
1260,1261.0,28.989999771118164
1261,1262.0,30.770000457763672
1262,1263.0,34.02000045776367
1263,1264.0,31.229999542236328
1264,1265.0,34.36000061035156
1265,1266.0,30.920000076293945
1266,1267.0,18.75
1267,1268.0,25.799999237060547
1268,1269.0,33.04999923706055
1269,1270.0,32.70000076293945
1270,1271.0,17.020000457763672
1271,1272.0,7.789999961853027
1272,1273.0,35.77000045776367
1273,1274.0,30.43000030517578
1274,1275.0,33.970001220703125
1275,1276.0,18.520000457763672
1276,1277.0,29.15999984741211
1277,1278.0,28.239999771118164
1278,1279.0,21.479999542236328
1279,1280.0,12.8100004196167
1280,1281.0,18.020000457763672
1281,1282.0,22.549999237060547
1282,1283.0,18.030000686645508
1283,1284.0,14.460000038146973
1284,1285.0,13.5
1285,1286.0,21.399999618530273
1286,1287.0,24.93000030517578
1287,1288.0,38.2400016784668
1288,1289.0,19.200000762939453
1289,1290.0,18.40999984741211
1290,1291.0,21.40999984741211
1291,1292.0,15.579999923706055
1292,1293.0,14.34000015258789
1293,1294.0,20.229999542236328
1294,1295.0,20.270000457763672
1295,1296.0,12.5
1296,1297.0,16.540000915527344
1297,1298.0,14.880000114440918
1298,1299.0,20.639999389648438
1299,1300.0,24.65999984741211
1300,1301.0,14.539999961853027
1301,1302.0,16.93000030517578
1302,1303.0,14.260000228881836
1303,1304.0,20.469999313354492
1304,1305.0,30.8700008392334
1305,1306.0,12.430000305175781
1306,1307.0,15.0
1307,1308.0,23.700000762939453
1308,1309.0,25.84000015258789
1309,1310.0,30.149999618530273
1310,1311.0,30.8700008392334
1311,1312.0,16.43000030517578
1312,1313.0,17.540000915527344
1313,1314.0,25.219999313354492
1314,1315.0,25.770000457763672
1315,1316.0,15.710000038146973
1316,1317.0,22.40999984741211
1317,1318.0,19.760000228881836
1318,1319.0,14.319999694824219
1319,1320.0,19.93000030517578
1320,1321.0,15.079999923706055
1321,1322.0,22.959999084472656
1322,1323.0,15.75
1323,1324.0,32.630001068115234
1324,1325.0,30.93000030517578
1325,1326.0,23.709999084472656
1326,1327.0,8.329999923706055
1327,1328.0,19.790000915527344
1328,1329.0,22.969999313354492
1329,1330.0,13.920000076293945
1330,1331.0,15.609999656677246
1331,1332.0,14.0600004196167
1332,1333.0,14.420000076293945
1333,1334.0,30.6200008392334
1334,1335.0,38.2400016784668
1335,1336.0,29.149999618530273
1336,1337.0,26.34000015258789
1337,1338.0,16.829999923706055
1338,1339.0,15.579999923706055
1339,1340.0,27.860000610351562
1340,1341.0,23.420000076293945
1341,1342.0,17.110000610351562
1342,1343.0,17.190000534057617
1343,1344.0,34.84000015258789
1344,1345.0,21.729999542236328
1345,1346.0,31.850000381469727
1346,1347.0,30.010000228881836
1347,1348.0,28.850000381469727
1348,1349.0,29.239999771118164
1349,1350.0,29.799999237060547
1350,1351.0,16.530000686645508
1351,1352.0,16.579999923706055
1352,1353.0,20.809999465942383
1353,1354.0,21.010000228881836
1354,1355.0,31.18000030517578
1355,1356.0,19.09000015258789
1356,1357.0,14.5600004196167
1357,1358.0,28.68000030517578
1358,1359.0,33.560001373291016
1359,1360.0,19.350000381469727
1360,1361.0,17.010000228881836
1361,1362.0,29.040000915527344
1362,1363.0,22.270000457763672
1363,1364.0,20.350000381469727
1364,1365.0,25.969999313354492
1365,1366.0,18.959999084472656
1366,1367.0,17.489999771118164
1367,1368.0,15.920000076293945
1368,1369.0,10.100000381469727
1369,1370.0,21.350000381469727
1370,1371.0,16.3799991607666
1371,1372.0,16.329999923706055
1372,1373.0,18.850000381469727
1373,1374.0,21.549999237060547
1374,1375.0,24.010000228881836
1375,1376.0,16.190000534057617
1376,1377.0,20.81999969482422
1377,1378.0,15.1899995803833
1378,1379.0,17.3700008392334
1379,1380.0,23.469999313354492
1380,1381.0,27.649999618530273
1381,1382.0,16.100000381469727
1382,1383.0,22.1200008392334
1383,1384.0,21.049999237060547
1384,1385.0,36.22999954223633
1385,1386.0,35.09000015258789
1386,1387.0,26.670000076293945
1387,1388.0,21.09000015258789
1388,1389.0,28.459999084472656
1389,1390.0,30.479999542236328
1390,1391.0,43.630001068115234
1391,1392.0,32.209999084472656
1392,1393.0,26.239999771118164
1393,1394.0,24.469999313354492
1394,1395.0,19.110000610351562
1395,1396.0,18.290000915527344
1396,1397.0,18.6299991607666
1397,1398.0,15.319999694824219
1398,1399.0,13.020000457763672
1399,1400.0,25.25
1400,1401.0,21.290000915527344
1401,1402.0,6.739999771118164
1402,1403.0,19.700000762939453
1403,1404.0,19.09000015258789
1404,1405.0,16.3700008392334
1405,1406.0,13.399999618530273
1406,1407.0,11.020000457763672
1407,1408.0,40.060001373291016
1408,1409.0,24.950000762939453
1409,1410.0,57.47999954223633
1410,1411.0,23.360000610351562
1411,1412.0,23.229999542236328
1412,1413.0,22.93000030517578
1413,1414.0,20.799999237060547
1414,1415.0,14.270000457763672
1415,1416.0,19.860000610351562
1416,1417.0,20.739999771118164
1417,1418.0,27.450000762939453
1418,1419.0,34.38999938964844
1419,1420.0,27.100000381469727
1420,1421.0,28.049999237060547
1421,1422.0,25.469999313354492
1422,1423.0,40.5099983215332
1423,1424.0,19.84000015258789
1424,1425.0,28.5
1425,1426.0,11.140000343322754
1426,1427.0,36.220001220703125
1427,1428.0,19.809999465942383
1428,1429.0,9.239999771118164
1429,1430.0,29.010000228881836
1430,1431.0,27.690000534057617
1431,1432.0,19.059999465942383
1432,1433.0,16.399999618530273
1433,1434.0,23.209999084472656
1434,1435.0,29.59000015258789
1435,1436.0,24.030000686645508
1436,1437.0,24.59000015258789
1437,1438.0,20.799999237060547
1438,1439.0,17.440000534057617
1439,1440.0,35.130001068115234
1440,1441.0,17.40999984741211
1441,1442.0,27.940000534057617
1442,1443.0,28.280000686645508
1443,1444.0,27.200000762939453
1444,1445.0,20.040000915527344
1445,1446.0,32.689998626708984
1446,1447.0,20.479999542236328
1447,1448.0,15.390000343322754
1448,1449.0,7.650000095367432
1449,1450.0,16.34000015258789
1450,1451.0,19.84000015258789
1451,1452.0,28.25
1452,1453.0,25.530000686645508
1453,1454.0,21.190000534057617
1454,1455.0,24.459999084472656
1455,1456.0,18.469999313354492
1456,1457.0,28.670000076293945
1457,1458.0,21.440000534057617
1458,1459.0,20.440000534057617
1459,1460.0,30.709999084472656
1460,1461.0,30.81999969482422
1461,1462.0,29.729999542236328
1462,1463.0,27.520000457763672
1463,1464.0,21.860000610351562
1464,1465.0,18.280000686645508
1465,1466.0,16.65999984741211
1466,1467.0,16.6200008392334
1467,1468.0,21.6299991607666
1468,1469.0,28.399999618530273
1469,1470.0,31.549999237060547
1470,1471.0,31.700000762939453
1471,1472.0,28.010000228881836
1472,1473.0,23.68000030517578
1473,1474.0,22.75
1474,1475.0,27.540000915527344
1475,1476.0,17.899999618530273
1476,1477.0,18.760000228881836
1477,1478.0,28.799999237060547
1478,1479.0,28.950000762939453
1479,1480.0,31.06999969482422
1480,1481.0,17.3799991607666
1481,1482.0,26.170000076293945
1482,1483.0,31.18000030517578
1483,1484.0,25.6200008392334
1484,1485.0,25.350000381469727
1485,1486.0,26.709999084472656
1486,1487.0,38.939998626708984
1487,1488.0,38.939998626708984
1488,1489.0,40.20000076293945
1489,1490.0,40.56999969482422
1490,1491.0,28.799999237060547
1491,1492.0,29.100000381469727
1492,1493.0,55.33000183105469
1493,1494.0,28.170000076293945
1494,1495.0,22.649999618530273
1495,1496.0,17.81999969482422
1496,1497.0,22.899999618530273
1497,1498.0,14.010000228881836
1498,1499.0,15.510000228881836
1499,1500.0,16.90999984741211
1500,1501.0,31.559999465942383
1501,1502.0,18.729999542236328
1502,1503.0,20.329999923706055
1503,1504.0,21.75
1504,1505.0,21.079999923706055
1505,1506.0,25.8799991607666
1506,1507.0,39.29999923706055
1507,1508.0,56.029998779296875
1508,1509.0,13.15999984741211
1509,1510.0,19.899999618530273
1510,1511.0,24.540000915527344
1511,1512.0,17.899999618530273
1512,1513.0,27.90999984741211
1513,1514.0,21.139999389648438
1514,1515.0,29.510000228881836
1515,1516.0,16.65999984741211
1516,1517.0,20.59000015258789
1517,1518.0,27.75
1518,1519.0,17.350000381469727
1519,1520.0,23.350000381469727
1520,1521.0,16.75
1521,1522.0,22.579999923706055
1522,1523.0,20.93000030517578
1523,1524.0,10.329999923706055
1524,1525.0,24.299999237060547
1525,1526.0,13.520000457763672
1526,1527.0,30.200000762939453
1527,1528.0,29.459999084472656
1528,1529.0,34.11000061035156
1529,1530.0,27.520000457763672
1530,1531.0,39.540000915527344
1531,1532.0,16.8700008392334
1532,1533.0,22.229999542236328
1533,1534.0,21.600000381469727
1534,1535.0,49.900001525878906
1535,1536.0,23.389999389648438
1536,1537.0,20.760000228881836
1537,1538.0,42.54999923706055
1538,1539.0,28.34000015258789
1539,1540.0,33.83000183105469
1540,1541.0,33.939998626708984
1541,1542.0,35.540000915527344
1542,1543.0,16.68000030517578
1543,1544.0,30.979999542236328
1544,1545.0,15.920000076293945
1545,1546.0,19.6200008392334
1546,1547.0,20.200000762939453
1547,1548.0,20.90999984741211
1548,1549.0,17.100000381469727
1549,1550.0,15.350000381469727
1550,1551.0,38.09000015258789
1551,1552.0,37.54999923706055
1552,1553.0,42.650001525878906
1553,1554.0,44.22999954223633
1554,1555.0,32.060001373291016
1555,1556.0,33.38999938964844
1556,1557.0,30.260000228881836
1557,1558.0,23.889999389648438
1558,1559.0,34.91999816894531
1559,1560.0,34.459999084472656
1560,1561.0,33.2599983215332
1561,1562.0,34.52000045776367
1562,1563.0,30.209999084472656
1563,1564.0,26.020000457763672
1564,1565.0,19.399999618530273
1565,1566.0,30.739999771118164
1566,1567.0,21.110000610351562
1567,1568.0,15.420000076293945
1568,1569.0,18.31999969482422
1569,1570.0,17.1299991607666
1570,1571.0,17.030000686645508
1571,1572.0,16.75
1572,1573.0,14.079999923706055
1573,1574.0,10.739999771118164
1574,1575.0,23.229999542236328
1575,1576.0,6.489999771118164
1576,1577.0,8.479999542236328
1577,1578.0,45.790000915527344
1578,1579.0,16.84000015258789
1579,1580.0,19.209999084472656
1580,1581.0,17.6299991607666
1581,1582.0,14.949999809265137
1582,1583.0,14.09000015258789
1583,1584.0,8.010000228881836
1584,1585.0,17.110000610351562
1585,1586.0,13.920000076293945
1586,1587.0,14.449999809265137
1587,1588.0,16.510000228881836
1588,1589.0,20.260000228881836
1589,1590.0,17.190000534057617
1590,1591.0,28.34000015258789
1591,1592.0,19.1200008392334
1592,1593.0,29.979999542236328
1593,1594.0,25.270000457763672
1594,1595.0,18.81999969482422
1595,1596.0,28.93000030517578
1596,1597.0,32.310001373291016
1597,1598.0,31.860000610351562
1598,1599.0,33.91999816894531
1599,1600.0,26.0
1600,1601.0,26.760000228881836
1601,1602.0,26.6200008392334
1602,1603.0,15.739999771118164
1603,1604.0,33.40999984741211
1604,1605.0,25.479999542236328
1605,1606.0,25.950000762939453
1606,1607.0,20.190000534057617
1607,1608.0,14.119999885559082
1608,1609.0,22.56999969482422
1609,1610.0,20.65999984741211
1610,1611.0,16.040000915527344
1611,1612.0,17.420000076293945
1612,1613.0,19.969999313354492
1613,1614.0,24.90999984741211
1614,1615.0,22.329999923706055
1615,1616.0,20.8700008392334
1616,1617.0,9.489999771118164
1617,1618.0,22.610000610351562
1618,1619.0,16.0
1619,1620.0,14.140000343322754
1620,1621.0,18.989999771118164
1621,1622.0,20.030000686645508
1622,1623.0,31.350000381469727
1623,1624.0,15.069999694824219
1624,1625.0,16.610000610351562
1625,1626.0,17.360000610351562
1626,1627.0,36.220001220703125
1627,1628.0,19.709999084472656
1628,1629.0,14.40999984741211
1629,1630.0,22.010000228881836
1630,1631.0,21.75
1631,1632.0,32.58000183105469
1632,1633.0,29.850000381469727
1633,1634.0,22.149999618530273
1634,1635.0,19.959999084472656
1635,1636.0,33.119998931884766
1636,1637.0,32.540000915527344
1637,1638.0,19.100000381469727
1638,1639.0,19.959999084472656
1639,1640.0,22.780000686645508
1640,1641.0,19.639999389648438
1641,1642.0,23.65999984741211
1642,1643.0,34.349998474121094
1643,1644.0,30.889999389648438
1644,1645.0,19.229999542236328
1645,1646.0,19.450000762939453
1646,1647.0,19.280000686645508
1647,1648.0,18.25
1648,1649.0,18.100000381469727
1649,1650.0,21.770000457763672
1650,1651.0,17.559999465942383
1651,1652.0,18.520000457763672
1652,1653.0,18.329999923706055
1653,1654.0,18.280000686645508
1654,1655.0,18.030000686645508
1655,1656.0,18.950000762939453
1656,1657.0,19.950000762939453
1657,1658.0,24.440000534057617
1658,1659.0,31.030000686645508
1659,1660.0,32.41999816894531
1660,1661.0,34.11000061035156
1661,1662.0,20.84000015258789
1662,1663.0,30.6200008392334
1663,1664.0,31.239999771118164
1664,1665.0,23.989999771118164
1665,1666.0,34.18000030517578
1666,1667.0,17.809999465942383
1667,1668.0,22.270000457763672
1668,1669.0,30.329999923706055
1669,1670.0,24.790000915527344
1670,1671.0,18.940000534057617
1671,1672.0,19.3700008392334
1672,1673.0,31.25
1673,1674.0,28.510000228881836
1674,1675.0,26.3799991607666
1675,1676.0,16.200000762939453
1676,1677.0,20.329999923706055
1677,1678.0,22.479999542236328
1678,1679.0,18.43000030517578
1679,1680.0,27.280000686645508
1680,1681.0,30.670000076293945
1681,1682.0,37.16999816894531
1682,1683.0,35.470001220703125
1683,1684.0,24.600000381469727
1684,1685.0,32.15999984741211
1685,1686.0,30.15999984741211
1686,1687.0,10.25
1687,1688.0,13.460000038146973
1688,1689.0,27.649999618530273
1689,1690.0,19.610000610351562
1690,1691.0,19.639999389648438
1691,1692.0,31.610000610351562
1692,1693.0,29.350000381469727
1693,1694.0,32.90999984741211
1694,1695.0,14.84000015258789
1695,1696.0,30.489999771118164
1696,1697.0,16.799999237060547
1697,1698.0,16.200000762939453
1698,1699.0,22.290000915527344
1699,1700.0,19.030000686645508
1700,1701.0,16.739999771118164
1701,1702.0,19.670000076293945
1702,1703.0,29.559999465942383
1703,1704.0,23.770000457763672
1704,1705.0,33.5
1705,1706.0,23.15999984741211
1706,1707.0,21.329999923706055
1707,1708.0,36.13999938964844
1708,1709.0,32.66999816894531
1709,1710.0,26.90999984741211
1710,1711.0,18.780000686645508
1711,1712.0,9.329999923706055
1712,1713.0,28.440000534057617
1713,1714.0,14.960000038146973
1714,1715.0,29.899999618530273
1715,1716.0,26.959999084472656
1716,1717.0,21.1299991607666
1717,1718.0,28.100000381469727
1718,1719.0,39.15999984741211
1719,1720.0,31.110000610351562
1720,1721.0,20.670000076293945
1721,1722.0,17.079999923706055
1722,1723.0,20.579999923706055
1723,1724.0,18.989999771118164
1724,1725.0,14.25
1725,1726.0,20.149999618530273
1726,1727.0,28.31999969482422
1727,1728.0,21.610000610351562
1728,1729.0,19.059999465942383
1729,1730.0,12.020000457763672
1730,1731.0,14.039999961853027
1731,1732.0,14.869999885559082
1732,1733.0,14.489999771118164
1733,1734.0,28.979999542236328
1734,1735.0,31.68000030517578
1735,1736.0,23.860000610351562
1736,1737.0,28.440000534057617
1737,1738.0,18.270000457763672
1738,1739.0,18.790000915527344
1739,1740.0,18.81999969482422
1740,1741.0,26.5
1741,1742.0,20.989999771118164
1742,1743.0,36.130001068115234
1743,1744.0,10.460000038146973
1744,1745.0,16.8700008392334
1745,1746.0,18.260000228881836
1746,1747.0,11.819999694824219
1747,1748.0,17.459999084472656
1748,1749.0,15.989999771118164
1749,1750.0,15.289999961853027
1750,1751.0,18.850000381469727
1751,1752.0,18.579999923706055
1752,1753.0,19.260000228881836
1753,1754.0,18.079999923706055
1754,1755.0,39.209999084472656
1755,1756.0,40.560001373291016
1756,1757.0,18.969999313354492
1757,1758.0,20.8799991607666
1758,1759.0,28.6299991607666
1759,1760.0,42.59000015258789
1760,1761.0,13.1899995803833
1761,1762.0,11.619999885559082
1762,1763.0,11.630000114440918
1763,1764.0,17.809999465942383
1764,1765.0,24.530000686645508
1765,1766.0,22.530000686645508
1766,1767.0,16.270000457763672
1767,1768.0,26.780000686645508
1768,1769.0,7.53000020980835
1769,1770.0,6.320000171661377
1770,1771.0,25.780000686645508
1771,1772.0,26.700000762939453
1772,1773.0,21.260000228881836
1773,1774.0,27.309999465942383
1774,1775.0,31.170000076293945
1775,1776.0,30.700000762939453
1776,1777.0,25.719999313354492
1777,1778.0,22.540000915527344
1778,1779.0,47.47999954223633
1779,1780.0,37.08000183105469
1780,1781.0,13.420000076293945
1781,1782.0,18.280000686645508
1782,1783.0,20.3799991607666
1783,1784.0,14.84000015258789
1784,1785.0,17.25
1785,1786.0,25.649999618530273
1786,1787.0,30.049999237060547
1787,1788.0,31.170000076293945
1788,1789.0,24.700000762939453
1789,1790.0,16.799999237060547
1790,1791.0,17.239999771118164
1791,1792.0,24.049999237060547
1792,1793.0,20.860000610351562
1793,1794.0,14.649999618530273
1794,1795.0,22.8700008392334
1795,1796.0,36.36000061035156
1796,1797.0,21.479999542236328
1797,1798.0,43.790000915527344
1798,1799.0,10.779999732971191
1799,1800.0,15.079999923706055
1800,1801.0,14.020000457763672
1801,1802.0,13.850000381469727
1802,1803.0,13.699999809265137
1803,1804.0,21.700000762939453
1804,1805.0,21.079999923706055
1805,1806.0,28.100000381469727
1806,1807.0,22.65999984741211
1807,1808.0,13.59000015258789
1808,1809.0,10.180000305175781
1809,1810.0,16.719999313354492
1810,1811.0,17.84000015258789
1811,1812.0,15.039999961853027
1812,1813.0,28.25
1813,1814.0,28.559999465942383
1814,1815.0,21.610000610351562
1815,1816.0,15.359999656677246
1816,1817.0,21.59000015258789
1817,1818.0,7.550000190734863
1818,1819.0,14.9399995803833
1819,1820.0,15.020000457763672
1820,1821.0,32.369998931884766
1821,1822.0,19.09000015258789
1822,1823.0,27.56999969482422
1823,1824.0,26.1299991607666
1824,1825.0,17.440000534057617
1825,1826.0,33.81999969482422
1826,1827.0,24.540000915527344
1827,1828.0,22.329999923706055
1828,1829.0,33.5099983215332
1829,1830.0,20.940000534057617
1830,1831.0,20.540000915527344
1831,1832.0,22.420000076293945
1832,1833.0,23.920000076293945
1833,1834.0,20.389999389648438
1834,1835.0,27.719999313354492
1835,1836.0,21.309999465942383
1836,1837.0,20.920000076293945
1837,1838.0,21.899999618530273
1838,1839.0,21.25
1839,1840.0,20.84000015258789
1840,1841.0,28.579999923706055
1841,1842.0,13.020000457763672
1842,1843.0,24.700000762939453
1843,1844.0,36.22999954223633
1844,1845.0,18.84000015258789
1845,1846.0,18.780000686645508
1846,1847.0,25.770000457763672
1847,1848.0,26.219999313354492
1848,1849.0,20.850000381469727
1849,1850.0,35.650001525878906
1850,1851.0,32.869998931884766
1851,1852.0,30.520000457763672
1852,1853.0,22.959999084472656
1853,1854.0,19.149999618530273
1854,1855.0,16.209999084472656
1855,1856.0,24.479999542236328
1856,1857.0,24.68000030517578
1857,1858.0,20.8700008392334
1858,1859.0,22.65999984741211
1859,1860.0,19.229999542236328
1860,1861.0,28.920000076293945
1861,1862.0,23.299999237060547
1862,1863.0,20.860000610351562
1863,1864.0,19.979999542236328
1864,1865.0,26.5
1865,1866.0,28.739999771118164
1866,1867.0,31.1299991607666
1867,1868.0,29.1299991607666
1868,1869.0,33.86000061035156
1869,1870.0,21.920000076293945
1870,1871.0,30.239999771118164
1871,1872.0,25.010000228881836
1872,1873.0,27.15999984741211
1873,1874.0,20.399999618530273
1874,1875.0,24.579999923706055
1875,1876.0,31.1299991607666
1876,1877.0,37.06999969482422
1877,1878.0,20.15999984741211
1878,1879.0,11.100000381469727
1879,1880.0,23.079999923706055
1880,1881.0,32.20000076293945
1881,1882.0,25.8700008392334
1882,1883.0,30.049999237060547
1883,1884.0,23.899999618530273
1884,1885.0,31.81999969482422
1885,1886.0,26.90999984741211
1886,1887.0,13.34000015258789
1887,1888.0,13.930000305175781
1888,1889.0,17.549999237060547
1889,1890.0,19.989999771118164
1890,1891.0,26.5
1891,1892.0,19.639999389648438
1892,1893.0,15.09000015258789
1893,1894.0,19.809999465942383
1894,1895.0,19.850000381469727
1895,1896.0,27.09000015258789
1896,1897.0,31.100000381469727
1897,1898.0,29.709999084472656
1898,1899.0,18.5
1899,1900.0,41.7599983215332
1900,1901.0,18.350000381469727
1901,1902.0,25.75
1902,1903.0,24.93000030517578
1903,1904.0,32.939998626708984
1904,1905.0,14.199999809265137
1905,1906.0,25.959999084472656
1906,1907.0,31.559999465942383
1907,1908.0,28.690000534057617
1908,1909.0,28.200000762939453
1909,1910.0,38.709999084472656
1910,1911.0,33.709999084472656
1911,1912.0,21.639999389648438
1912,1913.0,26.8799991607666
1913,1914.0,15.369999885559082
1914,1915.0,17.31999969482422
1915,1916.0,16.25
1916,1917.0,22.639999389648438
1917,1918.0,17.90999984741211
1918,1919.0,27.649999618530273
1919,1920.0,26.34000015258789
1920,1921.0,25.200000762939453
1921,1922.0,32.939998626708984
1922,1923.0,34.27000045776367
1923,1924.0,32.11000061035156
1924,1925.0,19.450000762939453
1925,1926.0,33.97999954223633
1926,1927.0,26.360000610351562
1927,1928.0,34.790000915527344
1928,1929.0,28.479999542236328
1929,1930.0,20.450000762939453
1930,1931.0,23.6200008392334
1931,1932.0,15.899999618530273
1932,1933.0,27.709999084472656
1933,1934.0,15.550000190734863
1934,1935.0,16.549999237060547
1935,1936.0,18.5
1936,1937.0,26.93000030517578
1937,1938.0,28.31999969482422
1938,1939.0,26.899999618530273
1939,1940.0,28.579999923706055
1940,1941.0,25.3700008392334
1941,1942.0,28.219999313354492
1942,1943.0,24.649999618530273
1943,1944.0,26.010000228881836
1944,1945.0,23.899999618530273
1945,1946.0,20.1299991607666
1946,1947.0,28.389999389648438
1947,1948.0,17.940000534057617
1948,1949.0,19.209999084472656
1949,1950.0,27.68000030517578
1950,1951.0,26.920000076293945
1951,1952.0,26.34000015258789
1952,1953.0,21.3799991607666
1953,1954.0,21.100000381469727
1954,1955.0,28.270000457763672
1955,1956.0,26.280000686645508
1956,1957.0,28.709999084472656
1957,1958.0,24.799999237060547
1958,1959.0,20.110000610351562
1959,1960.0,18.290000915527344
1960,1961.0,15.640000343322754
1961,1962.0,29.520000457763672
1962,1963.0,24.389999389648438
1963,1964.0,24.489999771118164
1964,1965.0,31.43000030517578
1965,1966.0,32.20000076293945
1966,1967.0,33.56999969482422
1967,1968.0,31.3700008392334
1968,1969.0,31.540000915527344
1969,1970.0,31.510000228881836
1970,1971.0,30.93000030517578
1971,1972.0,26.670000076293945
1972,1973.0,26.489999771118164
1973,1974.0,31.760000228881836
1974,1975.0,30.489999771118164
1975,1976.0,31.3700008392334
1976,1977.0,30.719999313354492
1977,1978.0,31.170000076293945
1978,1979.0,24.459999084472656
1979,1980.0,17.3700008392334
1980,1981.0,28.579999923706055
1981,1982.0,20.170000076293945
1982,1983.0,21.6299991607666
1983,1984.0,19.260000228881836
1984,1985.0,24.600000381469727
1985,1986.0,31.979999542236328
1986,1987.0,13.930000305175781
1987,1988.0,16.90999984741211
1988,1989.0,16.489999771118164
1989,1990.0,24.510000228881836
1990,1991.0,26.799999237060547
1991,1992.0,26.59000015258789
1992,1993.0,23.670000076293945
1993,1994.0,25.110000610351562
1994,1995.0,23.739999771118164
1995,1996.0,20.440000534057617
1996,1997.0,31.90999984741211
1997,1998.0,23.670000076293945
1998,1999.0,21.65999984741211
1999,2000.0,60.4900016784668
2000,2001.0,28.0
2001,2002.0,23.18000030517578
2002,2003.0,17.899999618530273
2003,2004.0,37.880001068115234
2004,2005.0,24.959999084472656
2005,2006.0,23.219999313354492
2006,2007.0,25.920000076293945
2007,2008.0,22.8700008392334
2008,2009.0,28.479999542236328
2009,2010.0,25.809999465942383
2010,2011.0,34.06999969482422
2011,2012.0,42.08000183105469
2012,2013.0,22.100000381469727
2013,2014.0,19.489999771118164
2014,2015.0,17.15999984741211
2015,2016.0,18.139999389648438
2016,2017.0,22.270000457763672
2017,2018.0,24.479999542236328
2018,2019.0,24.479999542236328
2019,2020.0,14.630000114440918
2020,2021.0,25.989999771118164
2021,2022.0,22.020000457763672
2022,2023.0,24.34000015258789
2023,2024.0,12.829999923706055
2024,2025.0,28.920000076293945
2025,2026.0,14.890000343322754
2026,2027.0,26.760000228881836
2027,2028.0,11.319999694824219
2028,2029.0,17.8700008392334
2029,2030.0,22.030000686645508
2030,2031.0,16.81999969482422
2031,2032.0,19.860000610351562
2032,2033.0,18.479999542236328
2033,2034.0,23.100000381469727
2034,2035.0,18.59000015258789
2035,2036.0,24.6299991607666
2036,2037.0,36.83000183105469
2037,2038.0,43.5099983215332
2038,2039.0,41.95000076293945
2039,2040.0,18.6299991607666
2040,2041.0,29.290000915527344
2041,2042.0,35.9900016784668
2042,2043.0,23.06999969482422
2043,2044.0,20.81999969482422
2044,2045.0,16.790000915527344
2045,2046.0,22.860000610351562
2046,2047.0,20.360000610351562
2047,2048.0,28.0
2048,2049.0,33.70000076293945
2049,2050.0,42.56999969482422
2050,2051.0,27.8799991607666
2051,2052.0,20.3799991607666
2052,2053.0,18.8700008392334
2053,2054.0,16.170000076293945
2054,2055.0,33.290000915527344
2055,2056.0,18.649999618530273
2056,2057.0,35.689998626708984
2057,2058.0,32.619998931884766
2058,2059.0,30.09000015258789
2059,2060.0,29.389999389648438
2060,2061.0,30.219999313354492
2061,2062.0,17.149999618530273
2062,2063.0,19.059999465942383
2063,2064.0,14.90999984741211
2064,2065.0,21.579999923706055
2065,2066.0,25.170000076293945
2066,2067.0,21.389999389648438
2067,2068.0,21.469999313354492
2068,2069.0,17.479999542236328
2069,2070.0,16.059999465942383
2070,2071.0,18.729999542236328
2071,2072.0,17.010000228881836
2072,2073.0,18.56999969482422
2073,2074.0,12.859999656677246
2074,2075.0,13.109999656677246
2075,2076.0,15.65999984741211
2076,2077.0,13.609999656677246
2077,2078.0,30.670000076293945
2078,2079.0,17.100000381469727
2079,2080.0,8.649999618530273
2080,2081.0,11.079999923706055
2081,2082.0,20.809999465942383
2082,2083.0,19.049999237060547
2083,2084.0,38.31999969482422
2084,2085.0,21.549999237060547
2085,2086.0,33.0
2086,2087.0,17.799999237060547
2087,2088.0,9.630000114440918
2088,2089.0,25.510000228881836
2089,2090.0,25.450000762939453
2090,2091.0,41.189998626708984
2091,2092.0,40.45000076293945
2092,2093.0,10.350000381469727
2093,2094.0,24.049999237060547
2094,2095.0,33.81999969482422
2095,2096.0,43.38999938964844
2096,2097.0,11.920000076293945
2097,2098.0,10.760000228881836
2098,2099.0,21.6299991607666
2099,2100.0,49.279998779296875
2100,2101.0,38.849998474121094
2101,2102.0,18.290000915527344
2102,2103.0,18.309999465942383
2103,2104.0,14.949999809265137
2104,2105.0,7.889999866485596
2105,2106.0,41.27000045776367
2106,2107.0,20.920000076293945
2107,2108.0,25.31999969482422
2108,2109.0,28.1299991607666
2109,2110.0,30.8700008392334
2110,2111.0,29.579999923706055
2111,2112.0,27.270000457763672
2112,2113.0,26.59000015258789
2113,2114.0,29.93000030517578
2114,2115.0,38.040000915527344
2115,2116.0,24.940000534057617
2116,2117.0,35.7599983215332
2117,2118.0,27.969999313354492
2118,2119.0,21.010000228881836
2119,2120.0,21.549999237060547
2120,2121.0,28.520000457763672
2121,2122.0,21.5
2122,2123.0,22.989999771118164
2123,2124.0,27.239999771118164
2124,2125.0,21.600000381469727
2125,2126.0,26.3799991607666
2126,2127.0,26.18000030517578
2127,2128.0,19.440000534057617
2128,2129.0,27.68000030517578
2129,2130.0,40.290000915527344
2130,2131.0,41.97999954223633
2131,2132.0,37.439998626708984
2132,2133.0,35.540000915527344
2133,2134.0,26.010000228881836
2134,2135.0,21.739999771118164
2135,2136.0,25.34000015258789
2136,2137.0,26.729999542236328
2137,2138.0,21.100000381469727
2138,2139.0,38.59000015258789
2139,2140.0,24.959999084472656
2140,2141.0,24.719999313354492
2141,2142.0,19.700000762939453
2142,2143.0,22.290000915527344
2143,2144.0,23.110000610351562
2144,2145.0,16.520000457763672
2145,2146.0,16.5
2146,2147.0,16.200000762939453
2147,2148.0,29.719999313354492
2148,2149.0,29.049999237060547
2149,2150.0,24.030000686645508
2150,2151.0,37.380001068115234
2151,2152.0,40.5099983215332
2152,2153.0,42.68000030517578
2153,2154.0,13.859999656677246
2154,2155.0,25.0
2155,2156.0,13.630000114440918
2156,2157.0,15.869999885559082
2157,2158.0,21.790000915527344
2158,2159.0,16.700000762939453
2159,2160.0,41.31999969482422
2160,2161.0,21.540000915527344
2161,2162.0,21.270000457763672
2162,2163.0,19.229999542236328
2163,2164.0,3.319999933242798
2164,2165.0,13.890000343322754
2165,2166.0,16.520000457763672
2166,2167.0,21.110000610351562
2167,2168.0,21.780000686645508
2168,2169.0,17.0
2169,2170.0,17.979999542236328
2170,2171.0,21.59000015258789
2171,2172.0,16.1299991607666
2172,2173.0,21.25
2173,2174.0,17.239999771118164
2174,2175.0,25.719999313354492
2175,2176.0,28.559999465942383
2176,2177.0,24.440000534057617
2177,2178.0,28.040000915527344
2178,2179.0,29.790000915527344
2179,2180.0,18.59000015258789
2180,2181.0,13.880000114440918
2181,2182.0,23.84000015258789
2182,2183.0,40.540000915527344
2183,2184.0,17.510000228881836
2184,2185.0,41.81999969482422
2185,2186.0,31.579999923706055
2186,2187.0,30.93000030517578
2187,2188.0,17.170000076293945
2188,2189.0,36.09000015258789
2189,2190.0,34.52000045776367
2190,2191.0,22.1200008392334
2191,2192.0,19.010000228881836
2192,2193.0,19.079999923706055
2193,2194.0,27.59000015258789
2194,2195.0,27.540000915527344
2195,2196.0,27.950000762939453
2196,2197.0,31.440000534057617
2197,2198.0,34.849998474121094
2198,2199.0,41.130001068115234
2199,2200.0,18.489999771118164
2200,2201.0,24.799999237060547
2201,2202.0,30.559999465942383
2202,2203.0,31.079999923706055
2203,2204.0,29.350000381469727
2204,2205.0,32.119998931884766
2205,2206.0,33.08000183105469
2206,2207.0,30.469999313354492
2207,2208.0,23.780000686645508
2208,2209.0,20.079999923706055
2209,2210.0,19.239999771118164
2210,2211.0,33.88999938964844
2211,2212.0,27.6200008392334
2212,2213.0,26.520000457763672
2213,2214.0,28.729999542236328
2214,2215.0,12.449999809265137
2215,2216.0,14.270000457763672
2216,2217.0,21.860000610351562
2217,2218.0,14.0600004196167
2218,2219.0,21.780000686645508
2219,2220.0,30.110000610351562
2220,2221.0,20.81999969482422
2221,2222.0,22.75
2222,2223.0,28.010000228881836
2223,2224.0,17.690000534057617
2224,2225.0,18.84000015258789
2225,2226.0,18.6299991607666
2226,2227.0,12.970000267028809
2227,2228.0,15.050000190734863
2228,2229.0,13.609999656677246
2229,2230.0,13.479999542236328
2230,2231.0,18.5
2231,2232.0,14.75
2232,2233.0,26.229999542236328
2233,2234.0,23.100000381469727
2234,2235.0,25.719999313354492
2235,2236.0,24.15999984741211
2236,2237.0,22.450000762939453
2237,2238.0,35.66999816894531
2238,2239.0,32.29999923706055
2239,2240.0,36.83000183105469
2240,2241.0,30.530000686645508
2241,2242.0,17.610000610351562
2242,2243.0,44.040000915527344
2243,2244.0,23.34000015258789
2244,2245.0,22.959999084472656
2245,2246.0,23.549999237060547
2246,2247.0,11.680000305175781
2247,2248.0,31.440000534057617
2248,2249.0,14.84000015258789
2249,2250.0,12.970000267028809
2250,2251.0,14.140000343322754
2251,2252.0,17.8799991607666
2252,2253.0,18.149999618530273
2253,2254.0,24.15999984741211
2254,2255.0,33.099998474121094
2255,2256.0,33.77000045776367
2256,2257.0,32.560001373291016
2257,2258.0,28.829999923706055
2258,2259.0,28.729999542236328
2259,2260.0,16.489999771118164
2260,2261.0,15.350000381469727
2261,2262.0,22.489999771118164
2262,2263.0,24.209999084472656
2263,2264.0,25.649999618530273
2264,2265.0,52.939998626708984
2265,2266.0,17.290000915527344
2266,2267.0,29.040000915527344
2267,2268.0,29.139999389648438
2268,2269.0,35.06999969482422
2269,2270.0,29.700000762939453
2270,2271.0,25.65999984741211
2271,2272.0,15.600000381469727
2272,2273.0,14.3100004196167
2273,2274.0,15.350000381469727
2274,2275.0,12.680000305175781
2275,2276.0,26.850000381469727
2276,2277.0,14.40999984741211
2277,2278.0,22.139999389648438
2278,2279.0,17.3700008392334
2279,2280.0,13.90999984741211
2280,2281.0,43.790000915527344
2281,2282.0,28.90999984741211
2282,2283.0,21.209999084472656
2283,2284.0,19.6299991607666
2284,2285.0,27.010000228881836
2285,2286.0,34.060001373291016
2286,2287.0,25.8799991607666
2287,2288.0,18.559999465942383
2288,2289.0,18.350000381469727
2289,2290.0,19.610000610351562
2290,2291.0,19.610000610351562
2291,2292.0,33.529998779296875
2292,2293.0,29.719999313354492
2293,2294.0,22.649999618530273
2294,2295.0,23.010000228881836
2295,2296.0,25.100000381469727
2296,2297.0,19.549999237060547
2297,2298.0,21.899999618530273
2298,2299.0,23.280000686645508
2299,2300.0,27.979999542236328
2300,2301.0,28.860000610351562
2301,2302.0,17.979999542236328
2302,2303.0,17.700000762939453
2303,2304.0,17.790000915527344
2304,2305.0,19.56999969482422
2305,2306.0,20.739999771118164
2306,2307.0,25.799999237060547
2307,2308.0,18.969999313354492
2308,2309.0,31.239999771118164
2309,2310.0,30.190000534057617
2310,2311.0,21.219999313354492
2311,2312.0,21.959999084472656
2312,2313.0,22.829999923706055
2313,2314.0,20.510000228881836
2314,2315.0,26.889999389648438
2315,2316.0,33.75
2316,2317.0,33.040000915527344
2317,2318.0,29.010000228881836
2318,2319.0,23.34000015258789
2319,2320.0,26.989999771118164
2320,2321.0,26.489999771118164
2321,2322.0,19.989999771118164
2322,2323.0,22.889999389648438
2323,2324.0,22.170000076293945
2324,2325.0,23.81999969482422
2325,2326.0,28.290000915527344
2326,2327.0,26.489999771118164
2327,2328.0,32.689998626708984
2328,2329.0,38.400001525878906
2329,2330.0,14.170000076293945
2330,2331.0,18.579999923706055
2331,2332.0,18.59000015258789
2332,2333.0,21.020000457763672
2333,2334.0,26.899999618530273
2334,2335.0,23.969999313354492
2335,2336.0,19.139999389648438
2336,2337.0,22.270000457763672
2337,2338.0,22.40999984741211
2338,2339.0,20.790000915527344
2339,2340.0,33.72999954223633
2340,2341.0,21.309999465942383
2341,2342.0,21.760000228881836
2342,2343.0,22.139999389648438
2343,2344.0,34.70000076293945
2344,2345.0,30.139999389648438
2345,2346.0,29.510000228881836
2346,2347.0,15.0600004196167
2347,2348.0,3.9600000381469727
2348,2349.0,25.219999313354492
2349,2350.0,20.579999923706055
2350,2351.0,17.700000762939453
2351,2352.0,18.969999313354492
2352,2353.0,13.819999694824219
2353,2354.0,30.790000915527344
2354,2355.0,33.4900016784668
2355,2356.0,31.969999313354492
2356,2357.0,37.16999816894531
2357,2358.0,22.1200008392334
2358,2359.0,21.43000030517578
2359,2360.0,21.68000030517578
2360,2361.0,23.610000610351562
2361,2362.0,19.809999465942383
2362,2363.0,47.290000915527344
2363,2364.0,24.3700008392334
2364,2365.0,20.979999542236328
2365,2366.0,14.829999923706055
2366,2367.0,29.979999542236328
2367,2368.0,20.239999771118164
2368,2369.0,25.899999618530273
2369,2370.0,24.350000381469727
2370,2371.0,23.469999313354492
2371,2372.0,14.34000015258789
2372,2373.0,15.289999961853027
2373,2374.0,33.58000183105469
2374,2375.0,18.43000030517578
2375,2376.0,34.470001220703125
2376,2377.0,31.81999969482422
2377,2378.0,20.989999771118164
2378,2379.0,33.720001220703125
2379,2380.0,28.5
2380,2381.0,22.719999313354492
2381,2382.0,14.350000381469727
2382,2383.0,15.510000228881836
2383,2384.0,14.380000114440918
2384,2385.0,23.579999923706055
2385,2386.0,14.0600004196167
2386,2387.0,18.969999313354492
2387,2388.0,15.140000343322754
2388,2389.0,10.720000267028809
2389,2390.0,16.450000762939453
2390,2391.0,25.649999618530273
2391,2392.0,23.979999542236328
2392,2393.0,24.149999618530273
2393,2394.0,39.45000076293945
2394,2395.0,24.700000762939453
2395,2396.0,21.670000076293945
2396,2397.0,17.43000030517578
2397,2398.0,18.65999984741211
2398,2399.0,13.640000343322754
2399,2400.0,22.65999984741211
2400,2401.0,32.91999816894531
2401,2402.0,21.079999923706055
2402,2403.0,18.969999313354492
2403,2404.0,14.479999542236328
2404,2405.0,56.95000076293945
2405,2406.0,20.360000610351562
2406,2407.0,33.279998779296875
2407,2408.0,10.460000038146973
2408,2409.0,7.150000095367432
2409,2410.0,11.5600004196167
2410,2411.0,23.43000030517578
2411,2412.0,27.829999923706055
2412,2413.0,27.450000762939453
2413,2414.0,37.38999938964844
2414,2415.0,28.670000076293945
2415,2416.0,40.36000061035156
2416,2417.0,10.630000114440918
2417,2418.0,16.3700008392334
2418,2419.0,21.809999465942383
2419,2420.0,20.43000030517578
2420,2421.0,18.989999771118164
2421,2422.0,19.719999313354492
2422,2423.0,14.699999809265137
2423,2424.0,27.469999313354492
2424,2425.0,20.309999465942383
2425,2426.0,21.3799991607666
2426,2427.0,18.90999984741211
2427,2428.0,17.100000381469727
2428,2429.0,33.06999969482422
2429,2430.0,28.940000534057617
2430,2431.0,40.36000061035156
2431,2432.0,31.25
2432,2433.0,23.790000915527344
2433,2434.0,14.859999656677246
2434,2435.0,19.1299991607666
2435,2436.0,24.899999618530273
2436,2437.0,28.579999923706055
2437,2438.0,13.170000076293945
2438,2439.0,10.920000076293945
2439,2440.0,14.109999656677246
2440,2441.0,26.520000457763672
2441,2442.0,20.56999969482422
2442,2443.0,25.100000381469727
2443,2444.0,24.299999237060547
2444,2445.0,21.81999969482422
2445,2446.0,19.34000015258789
2446,2447.0,22.329999923706055
2447,2448.0,26.399999618530273
2448,2449.0,28.969999313354492
2449,2450.0,29.43000030517578
2450,2451.0,18.920000076293945
2451,2452.0,29.440000534057617
2452,2453.0,28.75
2453,2454.0,23.81999969482422
2454,2455.0,32.209999084472656
2455,2456.0,20.440000534057617
2456,2457.0,34.47999954223633
2457,2458.0,26.540000915527344
2458,2459.0,24.68000030517578
2459,2460.0,24.040000915527344
2460,2461.0,24.850000381469727
2461,2462.0,21.969999313354492
2462,2463.0,26.049999237060547
2463,2464.0,30.899999618530273
2464,2465.0,10.34000015258789
2465,2466.0,15.510000228881836
2466,2467.0,32.130001068115234
2467,2468.0,9.40999984741211
2468,2469.0,19.989999771118164
2469,2470.0,20.0
2470,2471.0,18.25
2471,2472.0,10.960000038146973
2472,2473.0,18.299999237060547
2473,2474.0,14.920000076293945
2474,2475.0,14.699999809265137
2475,2476.0,24.299999237060547
2476,2477.0,25.670000076293945
2477,2478.0,56.560001373291016
2478,2479.0,40.619998931884766
2479,2480.0,28.15999984741211
2480,2481.0,21.56999969482422
2481,2482.0,28.1299991607666
2482,2483.0,26.6299991607666
2483,2484.0,28.100000381469727
2484,2485.0,36.0
2485,2486.0,15.699999809265137
2486,2487.0,15.350000381469727
2487,2488.0,21.389999389648438
2488,2489.0,20.420000076293945
2489,2490.0,16.43000030517578
2490,2491.0,27.790000915527344
2491,2492.0,31.489999771118164
2492,2493.0,19.420000076293945
2493,2494.0,36.040000915527344
2494,2495.0,36.22999954223633
2495,2496.0,36.900001525878906
2496,2497.0,31.389999389648438
2497,2498.0,16.360000610351562
2498,2499.0,26.93000030517578
2499,2500.0,42.290000915527344
2500,2501.0,51.189998626708984
2501,2502.0,81.2699966430664
2502,2503.0,17.079999923706055
2503,2504.0,33.279998779296875
2504,2505.0,22.09000015258789
2505,2506.0,14.699999809265137
2506,2507.0,21.530000686645508
2507,2508.0,32.54999923706055
2508,2509.0,13.850000381469727
2509,2510.0,14.029999732971191
2510,2511.0,20.209999084472656
2511,2512.0,18.540000915527344
2512,2513.0,21.559999465942383
2513,2514.0,17.420000076293945
2514,2515.0,13.59000015258789
2515,2516.0,8.529999732971191
2516,2517.0,28.559999465942383
2517,2518.0,15.550000190734863
2518,2519.0,12.380000114440918
2519,2520.0,14.800000190734863
2520,2521.0,19.270000457763672
2521,2522.0,14.170000076293945
2522,2523.0,16.649999618530273
2523,2524.0,22.690000534057617
2524,2525.0,15.069999694824219
2525,2526.0,28.100000381469727
2526,2527.0,21.709999084472656
2527,2528.0,36.75
2528,2529.0,35.95000076293945
2529,2530.0,35.06999969482422
2530,2531.0,22.170000076293945
2531,2532.0,23.059999465942383
2532,2533.0,18.950000762939453
2533,2534.0,16.969999313354492
2534,2535.0,19.639999389648438
2535,2536.0,24.549999237060547
2536,2537.0,15.020000457763672
2537,2538.0,23.229999542236328
2538,2539.0,15.550000190734863
2539,2540.0,20.959999084472656
2540,2541.0,32.7599983215332
2541,2542.0,18.549999237060547
2542,2543.0,23.299999237060547
2543,2544.0,25.110000610351562
2544,2545.0,17.06999969482422
2545,2546.0,18.299999237060547
2546,2547.0,33.68000030517578
2547,2548.0,10.350000381469727
2548,2549.0,21.219999313354492
2549,2550.0,20.350000381469727
2550,2551.0,19.200000762939453
2551,2552.0,18.75
2552,2553.0,19.799999237060547
2553,2554.0,21.030000686645508
2554,2555.0,19.0
2555,2556.0,26.030000686645508
2556,2557.0,24.149999618530273
2557,2558.0,20.299999237060547
2558,2559.0,17.989999771118164
2559,2560.0,16.829999923706055
2560,2561.0,21.729999542236328
2561,2562.0,26.440000534057617
2562,2563.0,33.380001068115234
2563,2564.0,31.049999237060547
2564,2565.0,20.5
2565,2566.0,25.770000457763672
2566,2567.0,23.1200008392334
2567,2568.0,30.860000610351562
2568,2569.0,32.7400016784668
2569,2570.0,19.030000686645508
2570,2571.0,33.040000915527344
2571,2572.0,28.959999084472656
2572,2573.0,19.290000915527344
2573,2574.0,21.09000015258789
2574,2575.0,33.83000183105469
2575,2576.0,22.579999923706055
2576,2577.0,27.15999984741211
2577,2578.0,36.29999923706055
2578,2579.0,39.15999984741211
2579,2580.0,30.979999542236328
2580,2581.0,25.59000015258789
2581,2582.0,16.68000030517578
2582,2583.0,21.190000534057617
2583,2584.0,25.389999389648438
2584,2585.0,22.729999542236328
2585,2586.0,19.670000076293945
2586,2587.0,12.460000038146973
2587,2588.0,22.959999084472656
2588,2589.0,21.0
2589,2590.0,26.489999771118164
2590,2591.0,19.899999618530273
2591,2592.0,21.110000610351562
2592,2593.0,22.040000915527344
2593,2594.0,34.70000076293945
2594,2595.0,34.720001220703125
2595,2596.0,30.239999771118164
2596,2597.0,22.68000030517578
2597,2598.0,18.600000381469727
2598,2599.0,19.290000915527344
2599,2600.0,25.959999084472656
2600,2601.0,19.290000915527344
2601,2602.0,23.360000610351562
2602,2603.0,27.200000762939453
2603,2604.0,24.670000076293945
2604,2605.0,30.440000534057617
2605,2606.0,30.90999984741211
2606,2607.0,9.15999984741211
2607,2608.0,25.389999389648438
2608,2609.0,27.719999313354492
2609,2610.0,20.06999969482422
2610,2611.0,20.59000015258789
2611,2612.0,15.8100004196167
2612,2613.0,18.079999923706055
2613,2614.0,35.540000915527344
2614,2615.0,17.81999969482422
2615,2616.0,21.68000030517578
2616,2617.0,15.8100004196167
2617,2618.0,18.1299991607666
2618,2619.0,21.799999237060547
2619,2620.0,21.3700008392334
2620,2621.0,26.450000762939453
2621,2622.0,20.670000076293945
2622,2623.0,13.199999809265137
2623,2624.0,22.690000534057617
2624,2625.0,17.489999771118164
2625,2626.0,18.729999542236328
2626,2627.0,21.440000534057617
2627,2628.0,24.889999389648438
2628,2629.0,22.479999542236328
2629,2630.0,20.100000381469727
2630,2631.0,26.68000030517578
2631,2632.0,31.43000030517578
2632,2633.0,30.850000381469727
2633,2634.0,31.559999465942383
2634,2635.0,22.110000610351562
2635,2636.0,16.270000457763672
2636,2637.0,18.309999465942383
2637,2638.0,29.049999237060547
2638,2639.0,28.479999542236328
2639,2640.0,19.15999984741211
2640,2641.0,22.139999389648438
2641,2642.0,15.100000381469727
2642,2643.0,15.050000190734863
2643,2644.0,16.65999984741211
2644,2645.0,30.079999923706055
2645,2646.0,42.20000076293945
2646,2647.0,42.09000015258789
2647,2648.0,23.06999969482422
2648,2649.0,29.920000076293945
2649,2650.0,36.4900016784668
2650,2651.0,23.809999465942383
2651,2652.0,24.899999618530273
2652,2653.0,19.219999313354492
2653,2654.0,17.420000076293945
2654,2655.0,23.56999969482422
2655,2656.0,17.079999923706055
2656,2657.0,26.020000457763672
2657,2658.0,17.260000228881836
2658,2659.0,19.549999237060547
2659,2660.0,18.81999969482422
2660,2661.0,31.770000457763672
2661,2662.0,28.059999465942383
2662,2663.0,23.649999618530273
2663,2664.0,3.059999942779541
2664,2665.0,15.279999732971191
2665,2666.0,30.239999771118164
2666,2667.0,38.34000015258789
2667,2668.0,27.969999313354492
2668,2669.0,24.790000915527344
2669,2670.0,27.610000610351562
2670,2671.0,32.790000915527344
2671,2672.0,36.279998779296875
2672,2673.0,26.15999984741211
2673,2674.0,20.700000762939453
2674,2675.0,21.1299991607666
2675,2676.0,27.459999084472656
2676,2677.0,19.450000762939453
2677,2678.0,14.869999885559082
2678,2679.0,23.31999969482422
2679,2680.0,19.979999542236328
2680,2681.0,25.25
2681,2682.0,28.479999542236328
2682,2683.0,25.520000457763672
2683,2684.0,27.170000076293945
2684,2685.0,28.469999313354492
2685,2686.0,17.479999542236328
2686,2687.0,21.329999923706055
2687,2688.0,25.59000015258789
2688,2689.0,20.280000686645508
2689,2690.0,37.869998931884766
2690,2691.0,20.290000915527344
2691,2692.0,7.360000133514404
2692,2693.0,13.529999732971191
2693,2694.0,36.220001220703125
2694,2695.0,23.600000381469727
2695,2696.0,29.829999923706055
2696,2697.0,33.290000915527344
2697,2698.0,28.280000686645508
2698,2699.0,21.020000457763672
2699,2700.0,28.469999313354492
2700,2701.0,28.65999984741211
2701,2702.0,27.65999984741211
2702,2703.0,21.709999084472656
2703,2704.0,20.739999771118164
2704,2705.0,24.709999084472656
2705,2706.0,27.3799991607666
2706,2707.0,21.700000762939453
2707,2708.0,19.920000076293945
2708,2709.0,27.3799991607666
2709,2710.0,26.739999771118164
2710,2711.0,29.260000228881836
2711,2712.0,30.43000030517578
2712,2713.0,29.6200008392334
2713,2714.0,23.469999313354492
2714,2715.0,22.809999465942383
2715,2716.0,25.979999542236328
2716,2717.0,21.899999618530273
2717,2718.0,25.25
2718,2719.0,28.3700008392334
2719,2720.0,15.460000038146973
2720,2721.0,18.68000030517578
2721,2722.0,26.010000228881836
2722,2723.0,23.09000015258789
2723,2724.0,20.469999313354492
2724,2725.0,20.700000762939453
2725,2726.0,28.75
2726,2727.0,22.3799991607666
2727,2728.0,24.989999771118164
2728,2729.0,23.959999084472656
2729,2730.0,31.110000610351562
2730,2731.0,24.520000457763672
2731,2732.0,27.1299991607666
2732,2733.0,30.93000030517578
2733,2734.0,30.770000457763672
2734,2735.0,29.56999969482422
2735,2736.0,31.760000228881836
2736,2737.0,31.270000457763672
2737,2738.0,18.31999969482422
2738,2739.0,22.780000686645508
2739,2740.0,24.68000030517578
2740,2741.0,27.1299991607666
2741,2742.0,20.760000228881836
2742,2743.0,20.219999313354492
2743,2744.0,24.420000076293945
2744,2745.0,24.489999771118164
2745,2746.0,30.510000228881836
2746,2747.0,27.110000610351562
2747,2748.0,28.149999618530273
2748,2749.0,31.760000228881836
2749,2750.0,16.93000030517578
2750,2751.0,25.729999542236328
2751,2752.0,26.56999969482422
2752,2753.0,22.479999542236328
2753,2754.0,22.3799991607666
2754,2755.0,20.829999923706055
2755,2756.0,27.219999313354492
2756,2757.0,20.729999542236328
2757,2758.0,38.220001220703125
2758,2759.0,38.09000015258789
2759,2760.0,24.809999465942383
2760,2761.0,22.010000228881836
2761,2762.0,21.479999542236328
2762,2763.0,20.149999618530273
2763,2764.0,16.989999771118164
2764,2765.0,25.649999618530273
2765,2766.0,38.540000915527344
2766,2767.0,17.209999084472656
2767,2768.0,23.469999313354492
2768,2769.0,14.260000228881836
2769,2770.0,25.799999237060547
2770,2771.0,17.18000030517578
2771,2772.0,13.050000190734863
2772,2773.0,20.309999465942383
2773,2774.0,23.520000457763672
2774,2775.0,24.700000762939453
2775,2776.0,20.799999237060547
2776,2777.0,28.1200008392334
2777,2778.0,23.860000610351562
2778,2779.0,23.489999771118164
2779,2780.0,23.959999084472656
2780,2781.0,22.59000015258789
2781,2782.0,17.809999465942383
2782,2783.0,15.350000381469727
2783,2784.0,22.93000030517578
2784,2785.0,22.329999923706055
2785,2786.0,16.459999084472656
2786,2787.0,17.790000915527344
2787,2788.0,27.309999465942383
2788,2789.0,22.0
2789,2790.0,30.15999984741211
2790,2791.0,31.700000762939453
2791,2792.0,40.79999923706055
2792,2793.0,24.389999389648438
2793,2794.0,29.530000686645508
2794,2795.0,18.579999923706055
2795,2796.0,33.31999969482422
2796,2797.0,33.66999816894531
2797,2798.0,33.2599983215332
2798,2799.0,44.04999923706055
2799,2800.0,18.780000686645508
2800,2801.0,43.369998931884766
2801,2802.0,21.5
2802,2803.0,32.70000076293945
2803,2804.0,33.439998626708984
2804,2805.0,21.950000762939453
2805,2806.0,24.18000030517578
2806,2807.0,22.8700008392334
2807,2808.0,38.59000015258789
2808,2809.0,66.11000061035156
2809,2810.0,10.779999732971191
2810,2811.0,25.770000457763672
2811,2812.0,18.790000915527344
2812,2813.0,31.68000030517578
2813,2814.0,26.18000030517578
2814,2815.0,29.899999618530273
2815,2816.0,35.02000045776367
2816,2817.0,25.06999969482422
2817,2818.0,24.010000228881836
2818,2819.0,7.519999980926514
2819,2820.0,16.15999984741211
2820,2821.0,19.579999923706055
2821,2822.0,19.1200008392334
2822,2823.0,22.450000762939453
2823,2824.0,11.6899995803833
2824,2825.0,27.290000915527344
2825,2826.0,21.59000015258789
2826,2827.0,18.8799991607666
2827,2828.0,19.040000915527344
2828,2829.0,23.899999618530273
2829,2830.0,24.049999237060547
2830,2831.0,16.469999313354492
2831,2832.0,17.059999465942383
2832,2833.0,10.819999694824219
2833,2834.0,13.670000076293945
2834,2835.0,15.619999885559082
2835,2836.0,14.949999809265137
2836,2837.0,20.450000762939453
2837,2838.0,17.15999984741211
2838,2839.0,13.970000267028809
2839,2840.0,16.940000534057617
2840,2841.0,18.200000762939453
2841,2842.0,14.149999618530273
2842,2843.0,17.5
2843,2844.0,19.760000228881836
2844,2845.0,22.719999313354492
2845,2846.0,27.15999984741211
2846,2847.0,15.75
2847,2848.0,18.200000762939453
2848,2849.0,28.43000030517578
2849,2850.0,27.459999084472656
2850,2851.0,28.260000228881836
2851,2852.0,16.670000076293945
2852,2853.0,18.920000076293945
2853,2854.0,31.489999771118164
